2025-07-03 12:45:49 INFO  [main] u.c.d.DigitalActiveApplication - Starting DigitalActiveApplication using Java 21.0.6 with PID 18168 (C:\Users\User\Desktop\java-intensive\DigitalActive\build\classes\java\main started by User in C:\Users\User\Desktop\java-intensive\DigitalActive)
2025-07-03 12:45:49 INFO  [main] u.c.d.DigitalActiveApplication - No active profile set, falling back to 1 default profile: "default"
2025-07-03 12:45:51 INFO  [main] o.s.d.r.c.RepositoryConfigurationDelegate - Bootstrapping Spring Data JPA repositories in DEFAULT mode.
2025-07-03 12:45:51 INFO  [main] o.s.d.r.c.RepositoryConfigurationDelegate - Finished Spring Data repository scanning in 169 ms. Found 6 JPA repository interfaces.
2025-07-03 12:45:52 INFO  [main] o.s.b.w.e.tomcat.TomcatWebServer - Tomcat initialized with port 8080 (http)
2025-07-03 12:45:52 INFO  [main] o.a.coyote.http11.Http11NioProtocol - Initializing ProtocolHandler ["http-nio-8080"]
2025-07-03 12:45:52 INFO  [main] o.a.catalina.core.StandardService - Starting service [Tomcat]
2025-07-03 12:45:52 INFO  [main] o.a.catalina.core.StandardEngine - Starting Servlet engine: [Apache Tomcat/10.1.39]
2025-07-03 12:45:52 INFO  [main] o.a.c.c.C.[Tomcat].[localhost].[/] - Initializing Spring embedded WebApplicationContext
2025-07-03 12:45:52 INFO  [main] o.s.b.w.s.c.ServletWebServerApplicationContext - Root WebApplicationContext: initialization completed in 2721 ms
2025-07-03 12:45:52 INFO  [main] o.h.jpa.internal.util.LogHelper - HHH000204: Processing PersistenceUnitInfo [name: default]
2025-07-03 12:45:52 INFO  [main] org.hibernate.Version - HHH000412: Hibernate ORM core version 6.6.11.Final
2025-07-03 12:45:52 INFO  [main] o.h.c.i.RegionFactoryInitiator - HHH000026: Second-level cache disabled
2025-07-03 12:45:53 INFO  [main] o.s.o.j.p.SpringPersistenceUnitInfo - No LoadTimeWeaver setup: ignoring JPA class transformer
2025-07-03 12:45:53 INFO  [main] com.zaxxer.hikari.HikariDataSource - HikariPool-1 - Starting...
2025-07-03 12:45:53 INFO  [main] com.zaxxer.hikari.pool.HikariPool - HikariPool-1 - Added connection org.postgresql.jdbc.PgConnection@32245b66
2025-07-03 12:45:53 INFO  [main] com.zaxxer.hikari.HikariDataSource - HikariPool-1 - Start completed.
2025-07-03 12:45:53 WARN  [main] org.hibernate.orm.deprecation - HHH90000025: PostgreSQLDialect does not need to be specified explicitly using 'hibernate.dialect' (remove the property setting and it will be selected by default)
2025-07-03 12:45:53 INFO  [main] o.hibernate.orm.connections.pooling - HHH10001005: Database info:
	Database JDBC URL [Connecting through datasource 'HikariDataSource (HikariPool-1)']
	Database driver: undefined/unknown
	Database version: 17.4
	Autocommit mode: undefined/unknown
	Isolation level: undefined/unknown
	Minimum pool size: undefined/unknown
	Maximum pool size: undefined/unknown
2025-07-03 12:45:54 INFO  [main] o.h.e.t.j.p.i.JtaPlatformInitiator - HHH000489: No JTA platform available (set 'hibernate.transaction.jta.platform' to enable JTA platform integration)
2025-07-03 12:45:55 INFO  [main] o.s.o.j.LocalContainerEntityManagerFactoryBean - Initialized JPA EntityManagerFactory for persistence unit 'default'
2025-07-03 12:45:55 INFO  [main] o.s.d.j.r.query.QueryEnhancerFactory - Hibernate is in classpath; If applicable, HQL parser will be used.
2025-07-03 12:45:58 WARN  [main] o.s.b.a.o.j.JpaBaseConfiguration$JpaWebConfiguration - spring.jpa.open-in-view is enabled by default. Therefore, database queries may be performed during view rendering. Explicitly configure spring.jpa.open-in-view to disable this warning
2025-07-03 12:45:58 INFO  [main] o.s.s.c.a.a.c.InitializeAuthenticationProviderBeanManagerConfigurer$InitializeAuthenticationProviderManagerConfigurer - Global AuthenticationManager configured with AuthenticationProvider bean with name authenticationProvider
2025-07-03 12:45:58 WARN  [main] o.s.s.c.a.a.c.InitializeUserDetailsBeanManagerConfigurer$InitializeUserDetailsManagerConfigurer - Global AuthenticationManager configured with an AuthenticationProvider bean. UserDetailsService beans will not be used by Spring Security for automatically configuring username/password login. Consider removing the AuthenticationProvider bean. Alternatively, consider using the UserDetailsService in a manually instantiated DaoAuthenticationProvider. If the current configuration is intentional, to turn off this warning, increase the logging level of 'org.springframework.security.config.annotation.authentication.configuration.InitializeUserDetailsBeanManagerConfigurer' to ERROR
2025-07-03 12:45:59 INFO  [main] o.s.v.b.OptionalValidatorFactoryBean - Failed to set up a Bean Validation provider: jakarta.validation.NoProviderFoundException: Unable to create a Configuration, because no Jakarta Bean Validation provider could be found. Add a provider like Hibernate Validator (RI) to your classpath.
2025-07-03 12:46:00 INFO  [main] o.a.coyote.http11.Http11NioProtocol - Starting ProtocolHandler ["http-nio-8080"]
2025-07-03 12:46:00 INFO  [main] o.s.b.w.e.tomcat.TomcatWebServer - Tomcat started on port 8080 (http) with context path '/'
2025-07-03 12:46:00 INFO  [main] o.s.b.w.e.tomcat.TomcatWebServer - Tomcat initialized with port 8081 (http)
2025-07-03 12:46:00 INFO  [main] o.a.coyote.http11.Http11NioProtocol - Initializing ProtocolHandler ["http-nio-8081"]
2025-07-03 12:46:00 INFO  [main] o.a.catalina.core.StandardService - Starting service [Tomcat]
2025-07-03 12:46:00 INFO  [main] o.a.catalina.core.StandardEngine - Starting Servlet engine: [Apache Tomcat/10.1.39]
2025-07-03 12:46:00 INFO  [main] o.a.c.c.C.[Tomcat-1].[localhost].[/] - Initializing Spring embedded WebApplicationContext
2025-07-03 12:46:00 INFO  [main] o.s.b.w.s.c.ServletWebServerApplicationContext - Root WebApplicationContext: initialization completed in 136 ms
2025-07-03 12:46:00 INFO  [main] o.s.b.a.e.web.EndpointLinksResolver - Exposing 3 endpoints beneath base path '/actuator'
2025-07-03 12:46:00 INFO  [main] o.s.v.b.OptionalValidatorFactoryBean - Failed to set up a Bean Validation provider: jakarta.validation.NoProviderFoundException: Unable to create a Configuration, because no Jakarta Bean Validation provider could be found. Add a provider like Hibernate Validator (RI) to your classpath.
2025-07-03 12:46:00 INFO  [main] o.a.coyote.http11.Http11NioProtocol - Starting ProtocolHandler ["http-nio-8081"]
2025-07-03 12:46:00 INFO  [main] o.s.b.w.e.tomcat.TomcatWebServer - Tomcat started on port 8081 (http) with context path '/'
2025-07-03 12:46:00 INFO  [main] u.c.d.DigitalActiveApplication - Started DigitalActiveApplication in 11.356 seconds (process running for 11.978)
2025-07-03 12:46:43 INFO  [http-nio-8080-exec-1] o.a.c.c.C.[Tomcat].[localhost].[/] - Initializing Spring DispatcherServlet 'dispatcherServlet'
2025-07-03 12:46:43 INFO  [http-nio-8080-exec-1] o.s.web.servlet.DispatcherServlet - Initializing Servlet 'dispatcherServlet'
2025-07-03 12:46:43 INFO  [http-nio-8080-exec-1] o.s.web.servlet.DispatcherServlet - Completed initialization in 0 ms
2025-07-03 12:47:03 INFO  [http-nio-8080-exec-2] u.c.d.controller.UserController - GET ALL USERS
2025-07-03 12:48:54 INFO  [http-nio-8080-exec-4] u.c.d.controller.UserController - Export of users to PDF has started
2025-07-03 12:48:54 INFO  [http-nio-8080-exec-4] u.c.d.controller.UserController - PDF export completed
2025-07-03 12:49:41 INFO  [main] u.c.d.DigitalActiveApplication - Starting DigitalActiveApplication using Java 21.0.6 with PID 3612 (C:\Users\User\Desktop\java-intensive\DigitalActive\build\classes\java\main started by User in C:\Users\User\Desktop\java-intensive\DigitalActive)
2025-07-03 12:49:41 INFO  [main] u.c.d.DigitalActiveApplication - No active profile set, falling back to 1 default profile: "default"
2025-07-03 12:49:43 INFO  [main] o.s.d.r.c.RepositoryConfigurationDelegate - Bootstrapping Spring Data JPA repositories in DEFAULT mode.
2025-07-03 12:49:43 INFO  [main] o.s.d.r.c.RepositoryConfigurationDelegate - Finished Spring Data repository scanning in 167 ms. Found 6 JPA repository interfaces.
2025-07-03 12:49:44 INFO  [main] o.s.b.w.e.tomcat.TomcatWebServer - Tomcat initialized with port 8080 (http)
2025-07-03 12:49:44 INFO  [main] o.a.coyote.http11.Http11NioProtocol - Initializing ProtocolHandler ["http-nio-8080"]
2025-07-03 12:49:44 INFO  [main] o.a.catalina.core.StandardService - Starting service [Tomcat]
2025-07-03 12:49:44 INFO  [main] o.a.catalina.core.StandardEngine - Starting Servlet engine: [Apache Tomcat/10.1.39]
2025-07-03 12:49:44 INFO  [main] o.a.c.c.C.[Tomcat].[localhost].[/] - Initializing Spring embedded WebApplicationContext
2025-07-03 12:49:44 INFO  [main] o.s.b.w.s.c.ServletWebServerApplicationContext - Root WebApplicationContext: initialization completed in 2587 ms
2025-07-03 12:49:44 INFO  [main] o.h.jpa.internal.util.LogHelper - HHH000204: Processing PersistenceUnitInfo [name: default]
2025-07-03 12:49:44 INFO  [main] org.hibernate.Version - HHH000412: Hibernate ORM core version 6.6.11.Final
2025-07-03 12:49:44 INFO  [main] o.h.c.i.RegionFactoryInitiator - HHH000026: Second-level cache disabled
2025-07-03 12:49:45 INFO  [main] o.s.o.j.p.SpringPersistenceUnitInfo - No LoadTimeWeaver setup: ignoring JPA class transformer
2025-07-03 12:49:45 INFO  [main] com.zaxxer.hikari.HikariDataSource - HikariPool-1 - Starting...
2025-07-03 12:49:45 INFO  [main] com.zaxxer.hikari.pool.HikariPool - HikariPool-1 - Added connection org.postgresql.jdbc.PgConnection@9dbb1d9
2025-07-03 12:49:45 INFO  [main] com.zaxxer.hikari.HikariDataSource - HikariPool-1 - Start completed.
2025-07-03 12:49:45 WARN  [main] org.hibernate.orm.deprecation - HHH90000025: PostgreSQLDialect does not need to be specified explicitly using 'hibernate.dialect' (remove the property setting and it will be selected by default)
2025-07-03 12:49:45 INFO  [main] o.hibernate.orm.connections.pooling - HHH10001005: Database info:
	Database JDBC URL [Connecting through datasource 'HikariDataSource (HikariPool-1)']
	Database driver: undefined/unknown
	Database version: 17.4
	Autocommit mode: undefined/unknown
	Isolation level: undefined/unknown
	Minimum pool size: undefined/unknown
	Maximum pool size: undefined/unknown
2025-07-03 12:49:46 INFO  [main] o.h.e.t.j.p.i.JtaPlatformInitiator - HHH000489: No JTA platform available (set 'hibernate.transaction.jta.platform' to enable JTA platform integration)
2025-07-03 12:49:47 INFO  [main] o.s.o.j.LocalContainerEntityManagerFactoryBean - Initialized JPA EntityManagerFactory for persistence unit 'default'
2025-07-03 12:49:47 INFO  [main] o.s.d.j.r.query.QueryEnhancerFactory - Hibernate is in classpath; If applicable, HQL parser will be used.
2025-07-03 12:49:50 WARN  [main] o.s.b.a.o.j.JpaBaseConfiguration$JpaWebConfiguration - spring.jpa.open-in-view is enabled by default. Therefore, database queries may be performed during view rendering. Explicitly configure spring.jpa.open-in-view to disable this warning
2025-07-03 12:49:50 INFO  [main] o.s.s.c.a.a.c.InitializeAuthenticationProviderBeanManagerConfigurer$InitializeAuthenticationProviderManagerConfigurer - Global AuthenticationManager configured with AuthenticationProvider bean with name authenticationProvider
2025-07-03 12:49:50 WARN  [main] o.s.s.c.a.a.c.InitializeUserDetailsBeanManagerConfigurer$InitializeUserDetailsManagerConfigurer - Global AuthenticationManager configured with an AuthenticationProvider bean. UserDetailsService beans will not be used by Spring Security for automatically configuring username/password login. Consider removing the AuthenticationProvider bean. Alternatively, consider using the UserDetailsService in a manually instantiated DaoAuthenticationProvider. If the current configuration is intentional, to turn off this warning, increase the logging level of 'org.springframework.security.config.annotation.authentication.configuration.InitializeUserDetailsBeanManagerConfigurer' to ERROR
2025-07-03 12:49:51 INFO  [main] o.s.v.b.OptionalValidatorFactoryBean - Failed to set up a Bean Validation provider: jakarta.validation.NoProviderFoundException: Unable to create a Configuration, because no Jakarta Bean Validation provider could be found. Add a provider like Hibernate Validator (RI) to your classpath.
2025-07-03 12:49:52 INFO  [main] o.a.coyote.http11.Http11NioProtocol - Starting ProtocolHandler ["http-nio-8080"]
2025-07-03 12:49:52 INFO  [main] o.s.b.w.e.tomcat.TomcatWebServer - Tomcat started on port 8080 (http) with context path '/'
2025-07-03 12:49:52 INFO  [main] o.s.b.w.e.tomcat.TomcatWebServer - Tomcat initialized with port 8081 (http)
2025-07-03 12:49:52 INFO  [main] o.a.coyote.http11.Http11NioProtocol - Initializing ProtocolHandler ["http-nio-8081"]
2025-07-03 12:49:52 INFO  [main] o.a.catalina.core.StandardService - Starting service [Tomcat]
2025-07-03 12:49:52 INFO  [main] o.a.catalina.core.StandardEngine - Starting Servlet engine: [Apache Tomcat/10.1.39]
2025-07-03 12:49:52 INFO  [main] o.a.c.c.C.[Tomcat-1].[localhost].[/] - Initializing Spring embedded WebApplicationContext
2025-07-03 12:49:52 INFO  [main] o.s.b.w.s.c.ServletWebServerApplicationContext - Root WebApplicationContext: initialization completed in 113 ms
2025-07-03 12:49:52 INFO  [main] o.s.b.a.e.web.EndpointLinksResolver - Exposing 3 endpoints beneath base path '/actuator'
2025-07-03 12:49:52 INFO  [main] o.s.v.b.OptionalValidatorFactoryBean - Failed to set up a Bean Validation provider: jakarta.validation.NoProviderFoundException: Unable to create a Configuration, because no Jakarta Bean Validation provider could be found. Add a provider like Hibernate Validator (RI) to your classpath.
2025-07-03 12:49:52 INFO  [main] o.a.coyote.http11.Http11NioProtocol - Starting ProtocolHandler ["http-nio-8081"]
2025-07-03 12:49:52 INFO  [main] o.s.b.w.e.tomcat.TomcatWebServer - Tomcat started on port 8081 (http) with context path '/'
2025-07-03 12:49:52 INFO  [main] u.c.d.DigitalActiveApplication - Started DigitalActiveApplication in 10.931 seconds (process running for 11.629)
2025-07-03 14:01:20 INFO  [main] u.c.d.DigitalActiveApplication - Starting DigitalActiveApplication using Java 21.0.6 with PID 17284 (C:\Users\User\Desktop\java-intensive\DigitalActive\build\classes\java\main started by User in C:\Users\User\Desktop\java-intensive\DigitalActive)
2025-07-03 14:01:20 INFO  [main] u.c.d.DigitalActiveApplication - No active profile set, falling back to 1 default profile: "default"
2025-07-03 14:01:22 INFO  [main] o.s.d.r.c.RepositoryConfigurationDelegate - Bootstrapping Spring Data JPA repositories in DEFAULT mode.
2025-07-03 14:01:22 INFO  [main] o.s.d.r.c.RepositoryConfigurationDelegate - Finished Spring Data repository scanning in 191 ms. Found 6 JPA repository interfaces.
2025-07-03 14:01:23 INFO  [main] o.s.b.w.e.tomcat.TomcatWebServer - Tomcat initialized with port 8080 (http)
2025-07-03 14:01:23 INFO  [main] o.a.coyote.http11.Http11NioProtocol - Initializing ProtocolHandler ["http-nio-8080"]
2025-07-03 14:01:23 INFO  [main] o.a.catalina.core.StandardService - Starting service [Tomcat]
2025-07-03 14:01:23 INFO  [main] o.a.catalina.core.StandardEngine - Starting Servlet engine: [Apache Tomcat/10.1.39]
2025-07-03 14:01:23 INFO  [main] o.a.c.c.C.[Tomcat].[localhost].[/] - Initializing Spring embedded WebApplicationContext
2025-07-03 14:01:23 INFO  [main] o.s.b.w.s.c.ServletWebServerApplicationContext - Root WebApplicationContext: initialization completed in 2878 ms
2025-07-03 14:01:24 INFO  [main] o.h.jpa.internal.util.LogHelper - HHH000204: Processing PersistenceUnitInfo [name: default]
2025-07-03 14:01:24 INFO  [main] org.hibernate.Version - HHH000412: Hibernate ORM core version 6.6.11.Final
2025-07-03 14:01:24 INFO  [main] o.h.c.i.RegionFactoryInitiator - HHH000026: Second-level cache disabled
2025-07-03 14:01:24 INFO  [main] o.s.o.j.p.SpringPersistenceUnitInfo - No LoadTimeWeaver setup: ignoring JPA class transformer
2025-07-03 14:01:24 INFO  [main] com.zaxxer.hikari.HikariDataSource - HikariPool-1 - Starting...
2025-07-03 14:01:25 INFO  [main] com.zaxxer.hikari.pool.HikariPool - HikariPool-1 - Added connection org.postgresql.jdbc.PgConnection@6fdd3382
2025-07-03 14:01:25 INFO  [main] com.zaxxer.hikari.HikariDataSource - HikariPool-1 - Start completed.
2025-07-03 14:01:25 WARN  [main] org.hibernate.orm.deprecation - HHH90000025: PostgreSQLDialect does not need to be specified explicitly using 'hibernate.dialect' (remove the property setting and it will be selected by default)
2025-07-03 14:01:25 INFO  [main] o.hibernate.orm.connections.pooling - HHH10001005: Database info:
	Database JDBC URL [Connecting through datasource 'HikariDataSource (HikariPool-1)']
	Database driver: undefined/unknown
	Database version: 17.4
	Autocommit mode: undefined/unknown
	Isolation level: undefined/unknown
	Minimum pool size: undefined/unknown
	Maximum pool size: undefined/unknown
2025-07-03 14:01:26 INFO  [main] o.h.e.t.j.p.i.JtaPlatformInitiator - HHH000489: No JTA platform available (set 'hibernate.transaction.jta.platform' to enable JTA platform integration)
2025-07-03 14:01:26 INFO  [main] o.s.o.j.LocalContainerEntityManagerFactoryBean - Initialized JPA EntityManagerFactory for persistence unit 'default'
2025-07-03 14:01:27 INFO  [main] o.s.d.j.r.query.QueryEnhancerFactory - Hibernate is in classpath; If applicable, HQL parser will be used.
2025-07-03 14:01:30 WARN  [main] o.s.b.a.o.j.JpaBaseConfiguration$JpaWebConfiguration - spring.jpa.open-in-view is enabled by default. Therefore, database queries may be performed during view rendering. Explicitly configure spring.jpa.open-in-view to disable this warning
2025-07-03 14:01:30 INFO  [main] o.s.s.c.a.a.c.InitializeAuthenticationProviderBeanManagerConfigurer$InitializeAuthenticationProviderManagerConfigurer - Global AuthenticationManager configured with AuthenticationProvider bean with name authenticationProvider
2025-07-03 14:01:30 WARN  [main] o.s.s.c.a.a.c.InitializeUserDetailsBeanManagerConfigurer$InitializeUserDetailsManagerConfigurer - Global AuthenticationManager configured with an AuthenticationProvider bean. UserDetailsService beans will not be used by Spring Security for automatically configuring username/password login. Consider removing the AuthenticationProvider bean. Alternatively, consider using the UserDetailsService in a manually instantiated DaoAuthenticationProvider. If the current configuration is intentional, to turn off this warning, increase the logging level of 'org.springframework.security.config.annotation.authentication.configuration.InitializeUserDetailsBeanManagerConfigurer' to ERROR
2025-07-03 14:01:31 INFO  [main] o.s.v.b.OptionalValidatorFactoryBean - Failed to set up a Bean Validation provider: jakarta.validation.NoProviderFoundException: Unable to create a Configuration, because no Jakarta Bean Validation provider could be found. Add a provider like Hibernate Validator (RI) to your classpath.
2025-07-03 14:01:32 INFO  [main] o.a.coyote.http11.Http11NioProtocol - Starting ProtocolHandler ["http-nio-8080"]
2025-07-03 14:01:32 INFO  [main] o.s.b.w.e.tomcat.TomcatWebServer - Tomcat started on port 8080 (http) with context path '/'
2025-07-03 14:01:32 INFO  [main] o.s.b.w.e.tomcat.TomcatWebServer - Tomcat initialized with port 8081 (http)
2025-07-03 14:01:32 INFO  [main] o.a.coyote.http11.Http11NioProtocol - Initializing ProtocolHandler ["http-nio-8081"]
2025-07-03 14:01:32 INFO  [main] o.a.catalina.core.StandardService - Starting service [Tomcat]
2025-07-03 14:01:32 INFO  [main] o.a.catalina.core.StandardEngine - Starting Servlet engine: [Apache Tomcat/10.1.39]
2025-07-03 14:01:32 INFO  [main] o.a.c.c.C.[Tomcat-1].[localhost].[/] - Initializing Spring embedded WebApplicationContext
2025-07-03 14:01:32 INFO  [main] o.s.b.w.s.c.ServletWebServerApplicationContext - Root WebApplicationContext: initialization completed in 202 ms
2025-07-03 14:01:32 INFO  [main] o.s.b.a.e.web.EndpointLinksResolver - Exposing 3 endpoints beneath base path '/actuator'
2025-07-03 14:01:33 INFO  [main] o.s.v.b.OptionalValidatorFactoryBean - Failed to set up a Bean Validation provider: jakarta.validation.NoProviderFoundException: Unable to create a Configuration, because no Jakarta Bean Validation provider could be found. Add a provider like Hibernate Validator (RI) to your classpath.
2025-07-03 14:01:33 INFO  [main] o.a.coyote.http11.Http11NioProtocol - Starting ProtocolHandler ["http-nio-8081"]
2025-07-03 14:01:33 INFO  [main] o.s.b.w.e.tomcat.TomcatWebServer - Tomcat started on port 8081 (http) with context path '/'
2025-07-03 14:01:33 INFO  [main] u.c.d.DigitalActiveApplication - Started DigitalActiveApplication in 12.695 seconds (process running for 14.306)
2025-07-03 14:01:49 INFO  [http-nio-8080-exec-1] o.a.c.c.C.[Tomcat].[localhost].[/] - Initializing Spring DispatcherServlet 'dispatcherServlet'
2025-07-03 14:01:49 INFO  [http-nio-8080-exec-1] o.s.web.servlet.DispatcherServlet - Initializing Servlet 'dispatcherServlet'
2025-07-03 14:01:49 INFO  [http-nio-8080-exec-1] o.s.web.servlet.DispatcherServlet - Completed initialization in 0 ms
2025-07-03 14:01:49 INFO  [http-nio-8080-exec-1] u.c.d.controller.UserController - GET ALL USERS
2025-07-03 14:04:54 INFO  [http-nio-8080-exec-3] u.c.d.controller.UserController - Export of users to PDF has started
2025-07-03 14:04:55 INFO  [http-nio-8080-exec-3] u.c.d.controller.UserController - PDF export completed
2025-07-03 14:04:58 INFO  [http-nio-8080-exec-4] u.c.d.controller.UserController - Export of users to PDF has started
2025-07-03 14:04:58 INFO  [http-nio-8080-exec-4] u.c.d.controller.UserController - PDF export completed
2025-07-04 08:28:44 INFO  [main] u.c.d.DigitalActiveApplication - Starting DigitalActiveApplication using Java 21.0.6 with PID 15824 (C:\Users\User\Desktop\java-intensive\DigitalActive\build\classes\java\main started by User in C:\Users\User\Desktop\java-intensive\DigitalActive)
2025-07-04 08:28:44 INFO  [main] u.c.d.DigitalActiveApplication - No active profile set, falling back to 1 default profile: "default"
2025-07-04 08:28:47 INFO  [main] o.s.d.r.c.RepositoryConfigurationDelegate - Bootstrapping Spring Data JPA repositories in DEFAULT mode.
2025-07-04 08:28:47 INFO  [main] o.s.d.r.c.RepositoryConfigurationDelegate - Finished Spring Data repository scanning in 455 ms. Found 6 JPA repository interfaces.
2025-07-04 08:28:49 INFO  [main] o.s.b.w.e.tomcat.TomcatWebServer - Tomcat initialized with port 8080 (http)
2025-07-04 08:28:49 INFO  [main] o.a.coyote.http11.Http11NioProtocol - Initializing ProtocolHandler ["http-nio-8080"]
2025-07-04 08:28:49 INFO  [main] o.a.catalina.core.StandardService - Starting service [Tomcat]
2025-07-04 08:28:49 INFO  [main] o.a.catalina.core.StandardEngine - Starting Servlet engine: [Apache Tomcat/10.1.39]
2025-07-04 08:28:49 INFO  [main] o.a.c.c.C.[Tomcat].[localhost].[/] - Initializing Spring embedded WebApplicationContext
2025-07-04 08:28:49 INFO  [main] o.s.b.w.s.c.ServletWebServerApplicationContext - Root WebApplicationContext: initialization completed in 4995 ms
2025-07-04 08:28:50 INFO  [main] o.h.jpa.internal.util.LogHelper - HHH000204: Processing PersistenceUnitInfo [name: default]
2025-07-04 08:28:50 INFO  [main] org.hibernate.Version - HHH000412: Hibernate ORM core version 6.6.11.Final
2025-07-04 08:28:50 INFO  [main] o.h.c.i.RegionFactoryInitiator - HHH000026: Second-level cache disabled
2025-07-04 08:28:51 INFO  [main] o.s.o.j.p.SpringPersistenceUnitInfo - No LoadTimeWeaver setup: ignoring JPA class transformer
2025-07-04 08:28:51 INFO  [main] com.zaxxer.hikari.HikariDataSource - HikariPool-1 - Starting...
2025-07-04 08:28:51 INFO  [main] com.zaxxer.hikari.pool.HikariPool - HikariPool-1 - Added connection org.postgresql.jdbc.PgConnection@6fdd3382
2025-07-04 08:28:51 INFO  [main] com.zaxxer.hikari.HikariDataSource - HikariPool-1 - Start completed.
2025-07-04 08:28:51 WARN  [main] org.hibernate.orm.deprecation - HHH90000025: PostgreSQLDialect does not need to be specified explicitly using 'hibernate.dialect' (remove the property setting and it will be selected by default)
2025-07-04 08:28:51 INFO  [main] o.hibernate.orm.connections.pooling - HHH10001005: Database info:
	Database JDBC URL [Connecting through datasource 'HikariDataSource (HikariPool-1)']
	Database driver: undefined/unknown
	Database version: 17.4
	Autocommit mode: undefined/unknown
	Isolation level: undefined/unknown
	Minimum pool size: undefined/unknown
	Maximum pool size: undefined/unknown
2025-07-04 08:28:53 INFO  [main] o.h.e.t.j.p.i.JtaPlatformInitiator - HHH000489: No JTA platform available (set 'hibernate.transaction.jta.platform' to enable JTA platform integration)
2025-07-04 08:28:55 INFO  [main] o.s.o.j.LocalContainerEntityManagerFactoryBean - Initialized JPA EntityManagerFactory for persistence unit 'default'
2025-07-04 08:28:56 INFO  [main] o.s.d.j.r.query.QueryEnhancerFactory - Hibernate is in classpath; If applicable, HQL parser will be used.
2025-07-04 08:29:02 WARN  [main] o.s.b.a.o.j.JpaBaseConfiguration$JpaWebConfiguration - spring.jpa.open-in-view is enabled by default. Therefore, database queries may be performed during view rendering. Explicitly configure spring.jpa.open-in-view to disable this warning
2025-07-04 08:29:02 INFO  [main] o.s.s.c.a.a.c.InitializeAuthenticationProviderBeanManagerConfigurer$InitializeAuthenticationProviderManagerConfigurer - Global AuthenticationManager configured with AuthenticationProvider bean with name authenticationProvider
2025-07-04 08:29:02 WARN  [main] o.s.s.c.a.a.c.InitializeUserDetailsBeanManagerConfigurer$InitializeUserDetailsManagerConfigurer - Global AuthenticationManager configured with an AuthenticationProvider bean. UserDetailsService beans will not be used by Spring Security for automatically configuring username/password login. Consider removing the AuthenticationProvider bean. Alternatively, consider using the UserDetailsService in a manually instantiated DaoAuthenticationProvider. If the current configuration is intentional, to turn off this warning, increase the logging level of 'org.springframework.security.config.annotation.authentication.configuration.InitializeUserDetailsBeanManagerConfigurer' to ERROR
2025-07-04 08:29:03 INFO  [main] o.s.v.b.OptionalValidatorFactoryBean - Failed to set up a Bean Validation provider: jakarta.validation.NoProviderFoundException: Unable to create a Configuration, because no Jakarta Bean Validation provider could be found. Add a provider like Hibernate Validator (RI) to your classpath.
2025-07-04 08:29:04 INFO  [main] o.a.coyote.http11.Http11NioProtocol - Starting ProtocolHandler ["http-nio-8080"]
2025-07-04 08:29:04 INFO  [main] o.s.b.w.e.tomcat.TomcatWebServer - Tomcat started on port 8080 (http) with context path '/'
2025-07-04 08:29:04 INFO  [main] o.s.b.w.e.tomcat.TomcatWebServer - Tomcat initialized with port 8081 (http)
2025-07-04 08:29:04 INFO  [main] o.a.coyote.http11.Http11NioProtocol - Initializing ProtocolHandler ["http-nio-8081"]
2025-07-04 08:29:04 INFO  [main] o.a.catalina.core.StandardService - Starting service [Tomcat]
2025-07-04 08:29:04 INFO  [main] o.a.catalina.core.StandardEngine - Starting Servlet engine: [Apache Tomcat/10.1.39]
2025-07-04 08:29:04 INFO  [main] o.a.c.c.C.[Tomcat-1].[localhost].[/] - Initializing Spring embedded WebApplicationContext
2025-07-04 08:29:04 INFO  [main] o.s.b.w.s.c.ServletWebServerApplicationContext - Root WebApplicationContext: initialization completed in 195 ms
2025-07-04 08:29:04 INFO  [main] o.s.b.a.e.web.EndpointLinksResolver - Exposing 3 endpoints beneath base path '/actuator'
2025-07-04 08:29:04 INFO  [main] o.s.v.b.OptionalValidatorFactoryBean - Failed to set up a Bean Validation provider: jakarta.validation.NoProviderFoundException: Unable to create a Configuration, because no Jakarta Bean Validation provider could be found. Add a provider like Hibernate Validator (RI) to your classpath.
2025-07-04 08:29:04 INFO  [main] o.a.coyote.http11.Http11NioProtocol - Starting ProtocolHandler ["http-nio-8081"]
2025-07-04 08:29:04 INFO  [main] o.s.b.w.e.tomcat.TomcatWebServer - Tomcat started on port 8081 (http) with context path '/'
2025-07-04 08:29:04 INFO  [main] u.c.d.DigitalActiveApplication - Started DigitalActiveApplication in 21.137 seconds (process running for 59.739)
2025-07-04 08:29:27 INFO  [http-nio-8080-exec-1] o.a.c.c.C.[Tomcat].[localhost].[/] - Initializing Spring DispatcherServlet 'dispatcherServlet'
2025-07-04 08:29:27 INFO  [http-nio-8080-exec-1] o.s.web.servlet.DispatcherServlet - Initializing Servlet 'dispatcherServlet'
2025-07-04 08:29:27 INFO  [http-nio-8080-exec-1] o.s.web.servlet.DispatcherServlet - Completed initialization in 5 ms
2025-07-04 08:29:31 INFO  [http-nio-8080-exec-9] o.s.api.AbstractOpenApiResource - Init duration for springdoc-openapi is: 2398 ms
2025-07-04 08:30:17 INFO  [http-nio-8080-exec-4] u.c.d.controller.UserController - GET ALL USERS
2025-07-23 10:35:52 INFO  [main] u.c.d.DigitalActiveApplication - Starting DigitalActiveApplication using Java 21.0.6 with PID 6216 (C:\Users\User\Desktop\java-intensive\DigitalActive\build\classes\java\main started by User in C:\Users\User\Desktop\java-intensive\DigitalActive)
2025-07-23 10:35:52 INFO  [main] u.c.d.DigitalActiveApplication - No active profile set, falling back to 1 default profile: "default"
2025-07-23 10:35:55 INFO  [main] o.s.d.r.c.RepositoryConfigurationDelegate - Bootstrapping Spring Data JPA repositories in DEFAULT mode.
2025-07-23 10:35:55 INFO  [main] o.s.d.r.c.RepositoryConfigurationDelegate - Finished Spring Data repository scanning in 327 ms. Found 6 JPA repository interfaces.
2025-07-23 10:35:57 INFO  [main] o.s.b.w.e.tomcat.TomcatWebServer - Tomcat initialized with port 8080 (http)
2025-07-23 10:35:57 INFO  [main] o.a.coyote.http11.Http11NioProtocol - Initializing ProtocolHandler ["http-nio-8080"]
2025-07-23 10:35:57 INFO  [main] o.a.catalina.core.StandardService - Starting service [Tomcat]
2025-07-23 10:35:57 INFO  [main] o.a.catalina.core.StandardEngine - Starting Servlet engine: [Apache Tomcat/10.1.39]
2025-07-23 10:35:57 INFO  [main] o.a.c.c.C.[Tomcat].[localhost].[/] - Initializing Spring embedded WebApplicationContext
2025-07-23 10:35:57 INFO  [main] o.s.b.w.s.c.ServletWebServerApplicationContext - Root WebApplicationContext: initialization completed in 4707 ms
2025-07-23 10:35:58 INFO  [main] o.h.jpa.internal.util.LogHelper - HHH000204: Processing PersistenceUnitInfo [name: default]
2025-07-23 10:35:58 INFO  [main] org.hibernate.Version - HHH000412: Hibernate ORM core version 6.6.11.Final
2025-07-23 10:35:58 INFO  [main] o.h.c.i.RegionFactoryInitiator - HHH000026: Second-level cache disabled
2025-07-23 10:35:59 INFO  [main] o.s.o.j.p.SpringPersistenceUnitInfo - No LoadTimeWeaver setup: ignoring JPA class transformer
2025-07-23 10:35:59 INFO  [main] com.zaxxer.hikari.HikariDataSource - HikariPool-1 - Starting...
2025-07-23 10:35:59 INFO  [main] com.zaxxer.hikari.pool.HikariPool - HikariPool-1 - Added connection org.postgresql.jdbc.PgConnection@406808eb
2025-07-23 10:35:59 INFO  [main] com.zaxxer.hikari.HikariDataSource - HikariPool-1 - Start completed.
2025-07-23 10:35:59 WARN  [main] org.hibernate.orm.deprecation - HHH90000025: PostgreSQLDialect does not need to be specified explicitly using 'hibernate.dialect' (remove the property setting and it will be selected by default)
2025-07-23 10:35:59 INFO  [main] o.hibernate.orm.connections.pooling - HHH10001005: Database info:
	Database JDBC URL [Connecting through datasource 'HikariDataSource (HikariPool-1)']
	Database driver: undefined/unknown
	Database version: 17.4
	Autocommit mode: undefined/unknown
	Isolation level: undefined/unknown
	Minimum pool size: undefined/unknown
	Maximum pool size: undefined/unknown
2025-07-23 10:36:01 INFO  [main] o.h.e.t.j.p.i.JtaPlatformInitiator - HHH000489: No JTA platform available (set 'hibernate.transaction.jta.platform' to enable JTA platform integration)
2025-07-23 10:36:02 INFO  [main] o.s.o.j.LocalContainerEntityManagerFactoryBean - Initialized JPA EntityManagerFactory for persistence unit 'default'
2025-07-23 10:36:03 INFO  [main] o.s.d.j.r.query.QueryEnhancerFactory - Hibernate is in classpath; If applicable, HQL parser will be used.
2025-07-23 10:36:08 WARN  [main] o.s.b.a.o.j.JpaBaseConfiguration$JpaWebConfiguration - spring.jpa.open-in-view is enabled by default. Therefore, database queries may be performed during view rendering. Explicitly configure spring.jpa.open-in-view to disable this warning
2025-07-23 10:36:08 INFO  [main] o.s.s.c.a.a.c.InitializeAuthenticationProviderBeanManagerConfigurer$InitializeAuthenticationProviderManagerConfigurer - Global AuthenticationManager configured with AuthenticationProvider bean with name authenticationProvider
2025-07-23 10:36:08 WARN  [main] o.s.s.c.a.a.c.InitializeUserDetailsBeanManagerConfigurer$InitializeUserDetailsManagerConfigurer - Global AuthenticationManager configured with an AuthenticationProvider bean. UserDetailsService beans will not be used by Spring Security for automatically configuring username/password login. Consider removing the AuthenticationProvider bean. Alternatively, consider using the UserDetailsService in a manually instantiated DaoAuthenticationProvider. If the current configuration is intentional, to turn off this warning, increase the logging level of 'org.springframework.security.config.annotation.authentication.configuration.InitializeUserDetailsBeanManagerConfigurer' to ERROR
2025-07-23 10:36:09 INFO  [main] o.s.v.b.OptionalValidatorFactoryBean - Failed to set up a Bean Validation provider: jakarta.validation.NoProviderFoundException: Unable to create a Configuration, because no Jakarta Bean Validation provider could be found. Add a provider like Hibernate Validator (RI) to your classpath.
2025-07-23 10:36:11 INFO  [main] o.a.coyote.http11.Http11NioProtocol - Starting ProtocolHandler ["http-nio-8080"]
2025-07-23 10:36:11 INFO  [main] o.s.b.w.e.tomcat.TomcatWebServer - Tomcat started on port 8080 (http) with context path '/'
2025-07-23 10:36:11 INFO  [main] o.s.b.w.e.tomcat.TomcatWebServer - Tomcat initialized with port 8081 (http)
2025-07-23 10:36:11 INFO  [main] o.a.coyote.http11.Http11NioProtocol - Initializing ProtocolHandler ["http-nio-8081"]
2025-07-23 10:36:11 INFO  [main] o.a.catalina.core.StandardService - Starting service [Tomcat]
2025-07-23 10:36:11 INFO  [main] o.a.catalina.core.StandardEngine - Starting Servlet engine: [Apache Tomcat/10.1.39]
2025-07-23 10:36:11 INFO  [main] o.a.c.c.C.[Tomcat-1].[localhost].[/] - Initializing Spring embedded WebApplicationContext
2025-07-23 10:36:11 INFO  [main] o.s.b.w.s.c.ServletWebServerApplicationContext - Root WebApplicationContext: initialization completed in 271 ms
2025-07-23 10:36:11 INFO  [main] o.s.b.a.e.web.EndpointLinksResolver - Exposing 3 endpoints beneath base path '/actuator'
2025-07-23 10:36:11 INFO  [main] o.s.v.b.OptionalValidatorFactoryBean - Failed to set up a Bean Validation provider: jakarta.validation.NoProviderFoundException: Unable to create a Configuration, because no Jakarta Bean Validation provider could be found. Add a provider like Hibernate Validator (RI) to your classpath.
2025-07-23 10:36:11 INFO  [main] o.a.coyote.http11.Http11NioProtocol - Starting ProtocolHandler ["http-nio-8081"]
2025-07-23 10:36:11 INFO  [main] o.s.b.w.e.tomcat.TomcatWebServer - Tomcat started on port 8081 (http) with context path '/'
2025-07-23 10:36:11 INFO  [main] u.c.d.DigitalActiveApplication - Started DigitalActiveApplication in 19.746 seconds (process running for 45.992)
2025-07-23 10:37:15 INFO  [http-nio-8080-exec-1] o.a.c.c.C.[Tomcat].[localhost].[/] - Initializing Spring DispatcherServlet 'dispatcherServlet'
2025-07-23 10:37:15 INFO  [http-nio-8080-exec-1] o.s.web.servlet.DispatcherServlet - Initializing Servlet 'dispatcherServlet'
2025-07-23 10:37:15 INFO  [http-nio-8080-exec-1] o.s.web.servlet.DispatcherServlet - Completed initialization in 0 ms
2025-07-23 10:37:17 INFO  [http-nio-8080-exec-10] o.s.api.AbstractOpenApiResource - Init duration for springdoc-openapi is: 1271 ms
2025-07-27 11:57:01 INFO  [main] u.c.d.DigitalActiveApplication - Starting DigitalActiveApplication using Java 21.0.6 with PID 7612 (C:\Users\User\Desktop\java-intensive\DigitalActive\build\classes\java\main started by User in C:\Users\User\Desktop\java-intensive\DigitalActive)
2025-07-27 11:57:01 INFO  [main] u.c.d.DigitalActiveApplication - No active profile set, falling back to 1 default profile: "default"
2025-07-27 11:57:03 INFO  [main] o.s.d.r.c.RepositoryConfigurationDelegate - Bootstrapping Spring Data JPA repositories in DEFAULT mode.
2025-07-27 11:57:04 INFO  [main] o.s.d.r.c.RepositoryConfigurationDelegate - Finished Spring Data repository scanning in 233 ms. Found 6 JPA repository interfaces.
2025-07-27 11:57:05 INFO  [main] o.s.b.w.e.tomcat.TomcatWebServer - Tomcat initialized with port 8080 (http)
2025-07-27 11:57:05 INFO  [main] o.a.coyote.http11.Http11NioProtocol - Initializing ProtocolHandler ["http-nio-8080"]
2025-07-27 11:57:05 INFO  [main] o.a.catalina.core.StandardService - Starting service [Tomcat]
2025-07-27 11:57:05 INFO  [main] o.a.catalina.core.StandardEngine - Starting Servlet engine: [Apache Tomcat/10.1.39]
2025-07-27 11:57:05 INFO  [main] o.a.c.c.C.[Tomcat].[localhost].[/] - Initializing Spring embedded WebApplicationContext
2025-07-27 11:57:05 INFO  [main] o.s.b.w.s.c.ServletWebServerApplicationContext - Root WebApplicationContext: initialization completed in 4234 ms
2025-07-27 11:57:06 INFO  [main] o.h.jpa.internal.util.LogHelper - HHH000204: Processing PersistenceUnitInfo [name: default]
2025-07-27 11:57:06 INFO  [main] org.hibernate.Version - HHH000412: Hibernate ORM core version 6.6.11.Final
2025-07-27 11:57:06 INFO  [main] o.h.c.i.RegionFactoryInitiator - HHH000026: Second-level cache disabled
2025-07-27 11:57:07 INFO  [main] o.s.o.j.p.SpringPersistenceUnitInfo - No LoadTimeWeaver setup: ignoring JPA class transformer
2025-07-27 11:57:07 INFO  [main] com.zaxxer.hikari.HikariDataSource - HikariPool-1 - Starting...
2025-07-27 11:57:07 INFO  [main] com.zaxxer.hikari.pool.HikariPool - HikariPool-1 - Added connection org.postgresql.jdbc.PgConnection@19355a56
2025-07-27 11:57:07 INFO  [main] com.zaxxer.hikari.HikariDataSource - HikariPool-1 - Start completed.
2025-07-27 11:57:07 WARN  [main] org.hibernate.orm.deprecation - HHH90000025: PostgreSQLDialect does not need to be specified explicitly using 'hibernate.dialect' (remove the property setting and it will be selected by default)
2025-07-27 11:57:07 INFO  [main] o.hibernate.orm.connections.pooling - HHH10001005: Database info:
	Database JDBC URL [Connecting through datasource 'HikariDataSource (HikariPool-1)']
	Database driver: undefined/unknown
	Database version: 17.4
	Autocommit mode: undefined/unknown
	Isolation level: undefined/unknown
	Minimum pool size: undefined/unknown
	Maximum pool size: undefined/unknown
2025-07-27 11:57:09 INFO  [main] o.h.e.t.j.p.i.JtaPlatformInitiator - HHH000489: No JTA platform available (set 'hibernate.transaction.jta.platform' to enable JTA platform integration)
2025-07-27 11:57:10 INFO  [main] o.s.o.j.LocalContainerEntityManagerFactoryBean - Initialized JPA EntityManagerFactory for persistence unit 'default'
2025-07-27 11:57:10 INFO  [main] o.s.d.j.r.query.QueryEnhancerFactory - Hibernate is in classpath; If applicable, HQL parser will be used.
2025-07-27 11:57:14 WARN  [main] o.s.b.w.s.c.AnnotationConfigServletWebServerApplicationContext - Exception encountered during context initialization - cancelling refresh attempt: org.springframework.beans.factory.BeanCreationException: Error creating bean with name 'telegramBotsApi' defined in class path resource [uz/company/digitalactive/bot/BotConfig.class]: Failed to instantiate [org.telegram.telegrambots.meta.TelegramBotsApi]: Factory method 'telegramBotsApi' threw exception with message: Error removing old webhook
2025-07-27 11:57:14 INFO  [main] o.s.o.j.LocalContainerEntityManagerFactoryBean - Closing JPA EntityManagerFactory for persistence unit 'default'
2025-07-27 11:57:14 INFO  [main] com.zaxxer.hikari.HikariDataSource - HikariPool-1 - Shutdown initiated...
2025-07-27 11:57:14 INFO  [main] com.zaxxer.hikari.HikariDataSource - HikariPool-1 - Shutdown completed.
2025-07-27 11:57:14 INFO  [main] o.a.catalina.core.StandardService - Stopping service [Tomcat]
2025-07-27 11:57:14 INFO  [main] o.s.b.a.l.ConditionEvaluationReportLogger - 

Error starting ApplicationContext. To display the condition evaluation report re-run your application with 'debug' enabled.
2025-07-27 11:57:14 ERROR [main] o.s.boot.SpringApplication - Application run failed
org.springframework.beans.factory.BeanCreationException: Error creating bean with name 'telegramBotsApi' defined in class path resource [uz/company/digitalactive/bot/BotConfig.class]: Failed to instantiate [org.telegram.telegrambots.meta.TelegramBotsApi]: Factory method 'telegramBotsApi' threw exception with message: Error removing old webhook
	at org.springframework.beans.factory.support.ConstructorResolver.instantiate(ConstructorResolver.java:657)
	at org.springframework.beans.factory.support.ConstructorResolver.instantiateUsingFactoryMethod(ConstructorResolver.java:645)
	at org.springframework.beans.factory.support.AbstractAutowireCapableBeanFactory.instantiateUsingFactoryMethod(AbstractAutowireCapableBeanFactory.java:1361)
	at org.springframework.beans.factory.support.AbstractAutowireCapableBeanFactory.createBeanInstance(AbstractAutowireCapableBeanFactory.java:1191)
	at org.springframework.beans.factory.support.AbstractAutowireCapableBeanFactory.doCreateBean(AbstractAutowireCapableBeanFactory.java:563)
	at org.springframework.beans.factory.support.AbstractAutowireCapableBeanFactory.createBean(AbstractAutowireCapableBeanFactory.java:523)
	at org.springframework.beans.factory.support.AbstractBeanFactory.lambda$doGetBean$0(AbstractBeanFactory.java:339)
	at org.springframework.beans.factory.support.DefaultSingletonBeanRegistry.getSingleton(DefaultSingletonBeanRegistry.java:347)
	at org.springframework.beans.factory.support.AbstractBeanFactory.doGetBean(AbstractBeanFactory.java:337)
	at org.springframework.beans.factory.support.AbstractBeanFactory.getBean(AbstractBeanFactory.java:202)
	at org.springframework.beans.factory.support.DefaultListableBeanFactory.instantiateSingleton(DefaultListableBeanFactory.java:1155)
	at org.springframework.beans.factory.support.DefaultListableBeanFactory.preInstantiateSingleton(DefaultListableBeanFactory.java:1121)
	at org.springframework.beans.factory.support.DefaultListableBeanFactory.preInstantiateSingletons(DefaultListableBeanFactory.java:1056)
	at org.springframework.context.support.AbstractApplicationContext.finishBeanFactoryInitialization(AbstractApplicationContext.java:987)
	at org.springframework.context.support.AbstractApplicationContext.refresh(AbstractApplicationContext.java:627)
	at org.springframework.boot.web.servlet.context.ServletWebServerApplicationContext.refresh(ServletWebServerApplicationContext.java:146)
	at org.springframework.boot.SpringApplication.refresh(SpringApplication.java:752)
	at org.springframework.boot.SpringApplication.refreshContext(SpringApplication.java:439)
	at org.springframework.boot.SpringApplication.run(SpringApplication.java:318)
	at org.springframework.boot.SpringApplication.run(SpringApplication.java:1361)
	at org.springframework.boot.SpringApplication.run(SpringApplication.java:1350)
	at uz.company.digitalactive.DigitalActiveApplication.main(DigitalActiveApplication.java:14)
Caused by: org.springframework.beans.BeanInstantiationException: Failed to instantiate [org.telegram.telegrambots.meta.TelegramBotsApi]: Factory method 'telegramBotsApi' threw exception with message: Error removing old webhook
	at org.springframework.beans.factory.support.SimpleInstantiationStrategy.lambda$instantiate$0(SimpleInstantiationStrategy.java:199)
	at org.springframework.beans.factory.support.SimpleInstantiationStrategy.instantiateWithFactoryMethod(SimpleInstantiationStrategy.java:88)
	at org.springframework.beans.factory.support.SimpleInstantiationStrategy.instantiate(SimpleInstantiationStrategy.java:168)
	at org.springframework.beans.factory.support.ConstructorResolver.instantiate(ConstructorResolver.java:653)
	... 21 common frames omitted
Caused by: org.telegram.telegrambots.meta.exceptions.TelegramApiRequestException: Error removing old webhook
	at org.telegram.telegrambots.util.WebhookUtils.clearWebhook(WebhookUtils.java:113)
	at org.telegram.telegrambots.bots.TelegramLongPollingBot.clearWebhook(TelegramLongPollingBot.java:41)
	at org.telegram.telegrambots.meta.TelegramBotsApi.registerBot(TelegramBotsApi.java:65)
	at uz.company.digitalactive.bot.BotConfig.telegramBotsApi(BotConfig.java:16)
	at uz.company.digitalactive.bot.BotConfig$$SpringCGLIB$$0.CGLIB$telegramBotsApi$1(<generated>)
	at uz.company.digitalactive.bot.BotConfig$$SpringCGLIB$$FastClass$$1.invoke(<generated>)
	at org.springframework.cglib.proxy.MethodProxy.invokeSuper(MethodProxy.java:258)
	at org.springframework.context.annotation.ConfigurationClassEnhancer$BeanMethodInterceptor.intercept(ConfigurationClassEnhancer.java:370)
	at uz.company.digitalactive.bot.BotConfig$$SpringCGLIB$$0.telegramBotsApi(<generated>)
	at java.base/jdk.internal.reflect.DirectMethodHandleAccessor.invoke(DirectMethodHandleAccessor.java:103)
	at java.base/java.lang.reflect.Method.invoke(Method.java:580)
	at org.springframework.beans.factory.support.SimpleInstantiationStrategy.lambda$instantiate$0(SimpleInstantiationStrategy.java:171)
	... 24 common frames omitted
Caused by: org.telegram.telegrambots.meta.exceptions.TelegramApiException: Unable to execute deleteWebhook method
	at org.telegram.telegrambots.bots.DefaultAbsSender.sendApiMethod(DefaultAbsSender.java:1184)
	at org.telegram.telegrambots.meta.bots.AbsSender.execute(AbsSender.java:61)
	at org.telegram.telegrambots.util.WebhookUtils.clearWebhook(WebhookUtils.java:108)
	... 35 common frames omitted
Caused by: java.net.UnknownHostException: Этот хост неизвестен (api.telegram.org)
	at java.base/java.net.Inet6AddressImpl.lookupAllHostAddr(Native Method)
	at java.base/java.net.Inet6AddressImpl.lookupAllHostAddr(Inet6AddressImpl.java:52)
	at java.base/java.net.InetAddress$PlatformResolver.lookupByName(InetAddress.java:1211)
	at java.base/java.net.InetAddress.getAddressesFromNameService(InetAddress.java:1828)
	at java.base/java.net.InetAddress$NameServiceAddresses.get(InetAddress.java:1139)
	at java.base/java.net.InetAddress.getAllByName0(InetAddress.java:1818)
	at java.base/java.net.InetAddress.getAllByName(InetAddress.java:1688)
	at org.apache.http.impl.conn.SystemDefaultDnsResolver.resolve(SystemDefaultDnsResolver.java:45)
	at org.apache.http.impl.conn.DefaultHttpClientConnectionOperator.connect(DefaultHttpClientConnectionOperator.java:112)
	at org.apache.http.impl.conn.PoolingHttpClientConnectionManager.connect(PoolingHttpClientConnectionManager.java:376)
	at org.apache.http.impl.execchain.MainClientExec.establishRoute(MainClientExec.java:393)
	at org.apache.http.impl.execchain.MainClientExec.execute(MainClientExec.java:236)
	at org.apache.http.impl.execchain.ProtocolExec.execute(ProtocolExec.java:186)
	at org.apache.http.impl.execchain.RetryExec.execute(RetryExec.java:89)
	at org.apache.http.impl.execchain.RedirectExec.execute(RedirectExec.java:110)
	at org.apache.http.impl.client.InternalHttpClient.doExecute(InternalHttpClient.java:185)
	at org.apache.http.impl.client.CloseableHttpClient.execute(CloseableHttpClient.java:83)
	at org.telegram.telegrambots.bots.DefaultAbsSender.sendHttpPostRequest(DefaultAbsSender.java:1216)
	at org.telegram.telegrambots.bots.DefaultAbsSender.sendMethodRequest(DefaultAbsSender.java:1212)
	at org.telegram.telegrambots.bots.DefaultAbsSender.sendApiMethod(DefaultAbsSender.java:1181)
	... 37 common frames omitted
2025-07-27 11:58:54 INFO  [main] u.c.d.DigitalActiveApplication - Starting DigitalActiveApplication using Java 21.0.6 with PID 16896 (C:\Users\User\Desktop\java-intensive\DigitalActive\build\classes\java\main started by User in C:\Users\User\Desktop\java-intensive\DigitalActive)
2025-07-27 11:58:54 INFO  [main] u.c.d.DigitalActiveApplication - No active profile set, falling back to 1 default profile: "default"
2025-07-27 11:58:56 INFO  [main] o.s.d.r.c.RepositoryConfigurationDelegate - Bootstrapping Spring Data JPA repositories in DEFAULT mode.
2025-07-27 11:58:56 INFO  [main] o.s.d.r.c.RepositoryConfigurationDelegate - Finished Spring Data repository scanning in 219 ms. Found 6 JPA repository interfaces.
2025-07-27 11:58:58 INFO  [main] o.s.b.w.e.tomcat.TomcatWebServer - Tomcat initialized with port 8080 (http)
2025-07-27 11:58:58 INFO  [main] o.a.coyote.http11.Http11NioProtocol - Initializing ProtocolHandler ["http-nio-8080"]
2025-07-27 11:58:58 INFO  [main] o.a.catalina.core.StandardService - Starting service [Tomcat]
2025-07-27 11:58:58 INFO  [main] o.a.catalina.core.StandardEngine - Starting Servlet engine: [Apache Tomcat/10.1.39]
2025-07-27 11:58:58 INFO  [main] o.a.c.c.C.[Tomcat].[localhost].[/] - Initializing Spring embedded WebApplicationContext
2025-07-27 11:58:58 INFO  [main] o.s.b.w.s.c.ServletWebServerApplicationContext - Root WebApplicationContext: initialization completed in 3391 ms
2025-07-27 11:58:58 INFO  [main] o.h.jpa.internal.util.LogHelper - HHH000204: Processing PersistenceUnitInfo [name: default]
2025-07-27 11:58:58 INFO  [main] org.hibernate.Version - HHH000412: Hibernate ORM core version 6.6.11.Final
2025-07-27 11:58:58 INFO  [main] o.h.c.i.RegionFactoryInitiator - HHH000026: Second-level cache disabled
2025-07-27 11:58:59 INFO  [main] o.s.o.j.p.SpringPersistenceUnitInfo - No LoadTimeWeaver setup: ignoring JPA class transformer
2025-07-27 11:58:59 INFO  [main] com.zaxxer.hikari.HikariDataSource - HikariPool-1 - Starting...
2025-07-27 11:58:59 INFO  [main] com.zaxxer.hikari.pool.HikariPool - HikariPool-1 - Added connection org.postgresql.jdbc.PgConnection@1ff23bd1
2025-07-27 11:58:59 INFO  [main] com.zaxxer.hikari.HikariDataSource - HikariPool-1 - Start completed.
2025-07-27 11:58:59 WARN  [main] org.hibernate.orm.deprecation - HHH90000025: PostgreSQLDialect does not need to be specified explicitly using 'hibernate.dialect' (remove the property setting and it will be selected by default)
2025-07-27 11:58:59 INFO  [main] o.hibernate.orm.connections.pooling - HHH10001005: Database info:
	Database JDBC URL [Connecting through datasource 'HikariDataSource (HikariPool-1)']
	Database driver: undefined/unknown
	Database version: 17.4
	Autocommit mode: undefined/unknown
	Isolation level: undefined/unknown
	Minimum pool size: undefined/unknown
	Maximum pool size: undefined/unknown
2025-07-27 11:59:01 INFO  [main] o.h.e.t.j.p.i.JtaPlatformInitiator - HHH000489: No JTA platform available (set 'hibernate.transaction.jta.platform' to enable JTA platform integration)
2025-07-27 11:59:01 INFO  [main] o.s.o.j.LocalContainerEntityManagerFactoryBean - Initialized JPA EntityManagerFactory for persistence unit 'default'
2025-07-27 11:59:02 INFO  [main] o.s.d.j.r.query.QueryEnhancerFactory - Hibernate is in classpath; If applicable, HQL parser will be used.
2025-07-27 11:59:05 WARN  [main] o.s.b.w.s.c.AnnotationConfigServletWebServerApplicationContext - Exception encountered during context initialization - cancelling refresh attempt: org.springframework.beans.factory.BeanCreationException: Error creating bean with name 'telegramBotsApi' defined in class path resource [uz/company/digitalactive/bot/BotConfig.class]: Failed to instantiate [org.telegram.telegrambots.meta.TelegramBotsApi]: Factory method 'telegramBotsApi' threw exception with message: Error removing old webhook
2025-07-27 11:59:05 INFO  [main] o.s.o.j.LocalContainerEntityManagerFactoryBean - Closing JPA EntityManagerFactory for persistence unit 'default'
2025-07-27 11:59:05 INFO  [main] com.zaxxer.hikari.HikariDataSource - HikariPool-1 - Shutdown initiated...
2025-07-27 11:59:05 INFO  [main] com.zaxxer.hikari.HikariDataSource - HikariPool-1 - Shutdown completed.
2025-07-27 11:59:05 INFO  [main] o.a.catalina.core.StandardService - Stopping service [Tomcat]
2025-07-27 11:59:05 INFO  [main] o.s.b.a.l.ConditionEvaluationReportLogger - 

Error starting ApplicationContext. To display the condition evaluation report re-run your application with 'debug' enabled.
2025-07-27 11:59:05 ERROR [main] o.s.boot.SpringApplication - Application run failed
org.springframework.beans.factory.BeanCreationException: Error creating bean with name 'telegramBotsApi' defined in class path resource [uz/company/digitalactive/bot/BotConfig.class]: Failed to instantiate [org.telegram.telegrambots.meta.TelegramBotsApi]: Factory method 'telegramBotsApi' threw exception with message: Error removing old webhook
	at org.springframework.beans.factory.support.ConstructorResolver.instantiate(ConstructorResolver.java:657)
	at org.springframework.beans.factory.support.ConstructorResolver.instantiateUsingFactoryMethod(ConstructorResolver.java:645)
	at org.springframework.beans.factory.support.AbstractAutowireCapableBeanFactory.instantiateUsingFactoryMethod(AbstractAutowireCapableBeanFactory.java:1361)
	at org.springframework.beans.factory.support.AbstractAutowireCapableBeanFactory.createBeanInstance(AbstractAutowireCapableBeanFactory.java:1191)
	at org.springframework.beans.factory.support.AbstractAutowireCapableBeanFactory.doCreateBean(AbstractAutowireCapableBeanFactory.java:563)
	at org.springframework.beans.factory.support.AbstractAutowireCapableBeanFactory.createBean(AbstractAutowireCapableBeanFactory.java:523)
	at org.springframework.beans.factory.support.AbstractBeanFactory.lambda$doGetBean$0(AbstractBeanFactory.java:339)
	at org.springframework.beans.factory.support.DefaultSingletonBeanRegistry.getSingleton(DefaultSingletonBeanRegistry.java:347)
	at org.springframework.beans.factory.support.AbstractBeanFactory.doGetBean(AbstractBeanFactory.java:337)
	at org.springframework.beans.factory.support.AbstractBeanFactory.getBean(AbstractBeanFactory.java:202)
	at org.springframework.beans.factory.support.DefaultListableBeanFactory.instantiateSingleton(DefaultListableBeanFactory.java:1155)
	at org.springframework.beans.factory.support.DefaultListableBeanFactory.preInstantiateSingleton(DefaultListableBeanFactory.java:1121)
	at org.springframework.beans.factory.support.DefaultListableBeanFactory.preInstantiateSingletons(DefaultListableBeanFactory.java:1056)
	at org.springframework.context.support.AbstractApplicationContext.finishBeanFactoryInitialization(AbstractApplicationContext.java:987)
	at org.springframework.context.support.AbstractApplicationContext.refresh(AbstractApplicationContext.java:627)
	at org.springframework.boot.web.servlet.context.ServletWebServerApplicationContext.refresh(ServletWebServerApplicationContext.java:146)
	at org.springframework.boot.SpringApplication.refresh(SpringApplication.java:752)
	at org.springframework.boot.SpringApplication.refreshContext(SpringApplication.java:439)
	at org.springframework.boot.SpringApplication.run(SpringApplication.java:318)
	at org.springframework.boot.SpringApplication.run(SpringApplication.java:1361)
	at org.springframework.boot.SpringApplication.run(SpringApplication.java:1350)
	at uz.company.digitalactive.DigitalActiveApplication.main(DigitalActiveApplication.java:14)
Caused by: org.springframework.beans.BeanInstantiationException: Failed to instantiate [org.telegram.telegrambots.meta.TelegramBotsApi]: Factory method 'telegramBotsApi' threw exception with message: Error removing old webhook
	at org.springframework.beans.factory.support.SimpleInstantiationStrategy.lambda$instantiate$0(SimpleInstantiationStrategy.java:199)
	at org.springframework.beans.factory.support.SimpleInstantiationStrategy.instantiateWithFactoryMethod(SimpleInstantiationStrategy.java:88)
	at org.springframework.beans.factory.support.SimpleInstantiationStrategy.instantiate(SimpleInstantiationStrategy.java:168)
	at org.springframework.beans.factory.support.ConstructorResolver.instantiate(ConstructorResolver.java:653)
	... 21 common frames omitted
Caused by: org.telegram.telegrambots.meta.exceptions.TelegramApiRequestException: Error removing old webhook
	at org.telegram.telegrambots.util.WebhookUtils.clearWebhook(WebhookUtils.java:113)
	at org.telegram.telegrambots.bots.TelegramLongPollingBot.clearWebhook(TelegramLongPollingBot.java:41)
	at org.telegram.telegrambots.meta.TelegramBotsApi.registerBot(TelegramBotsApi.java:65)
	at uz.company.digitalactive.bot.BotConfig.telegramBotsApi(BotConfig.java:16)
	at uz.company.digitalactive.bot.BotConfig$$SpringCGLIB$$0.CGLIB$telegramBotsApi$0(<generated>)
	at uz.company.digitalactive.bot.BotConfig$$SpringCGLIB$$FastClass$$1.invoke(<generated>)
	at org.springframework.cglib.proxy.MethodProxy.invokeSuper(MethodProxy.java:258)
	at org.springframework.context.annotation.ConfigurationClassEnhancer$BeanMethodInterceptor.intercept(ConfigurationClassEnhancer.java:370)
	at uz.company.digitalactive.bot.BotConfig$$SpringCGLIB$$0.telegramBotsApi(<generated>)
	at java.base/jdk.internal.reflect.DirectMethodHandleAccessor.invoke(DirectMethodHandleAccessor.java:103)
	at java.base/java.lang.reflect.Method.invoke(Method.java:580)
	at org.springframework.beans.factory.support.SimpleInstantiationStrategy.lambda$instantiate$0(SimpleInstantiationStrategy.java:171)
	... 24 common frames omitted
Caused by: org.telegram.telegrambots.meta.exceptions.TelegramApiException: Unable to execute deleteWebhook method
	at org.telegram.telegrambots.bots.DefaultAbsSender.sendApiMethod(DefaultAbsSender.java:1184)
	at org.telegram.telegrambots.meta.bots.AbsSender.execute(AbsSender.java:61)
	at org.telegram.telegrambots.util.WebhookUtils.clearWebhook(WebhookUtils.java:108)
	... 35 common frames omitted
Caused by: java.net.UnknownHostException: Этот хост неизвестен (api.telegram.org)
	at java.base/java.net.Inet6AddressImpl.lookupAllHostAddr(Native Method)
	at java.base/java.net.Inet6AddressImpl.lookupAllHostAddr(Inet6AddressImpl.java:52)
	at java.base/java.net.InetAddress$PlatformResolver.lookupByName(InetAddress.java:1211)
	at java.base/java.net.InetAddress.getAddressesFromNameService(InetAddress.java:1828)
	at java.base/java.net.InetAddress$NameServiceAddresses.get(InetAddress.java:1139)
	at java.base/java.net.InetAddress.getAllByName0(InetAddress.java:1818)
	at java.base/java.net.InetAddress.getAllByName(InetAddress.java:1688)
	at org.apache.http.impl.conn.SystemDefaultDnsResolver.resolve(SystemDefaultDnsResolver.java:45)
	at org.apache.http.impl.conn.DefaultHttpClientConnectionOperator.connect(DefaultHttpClientConnectionOperator.java:112)
	at org.apache.http.impl.conn.PoolingHttpClientConnectionManager.connect(PoolingHttpClientConnectionManager.java:376)
	at org.apache.http.impl.execchain.MainClientExec.establishRoute(MainClientExec.java:393)
	at org.apache.http.impl.execchain.MainClientExec.execute(MainClientExec.java:236)
	at org.apache.http.impl.execchain.ProtocolExec.execute(ProtocolExec.java:186)
	at org.apache.http.impl.execchain.RetryExec.execute(RetryExec.java:89)
	at org.apache.http.impl.execchain.RedirectExec.execute(RedirectExec.java:110)
	at org.apache.http.impl.client.InternalHttpClient.doExecute(InternalHttpClient.java:185)
	at org.apache.http.impl.client.CloseableHttpClient.execute(CloseableHttpClient.java:83)
	at org.telegram.telegrambots.bots.DefaultAbsSender.sendHttpPostRequest(DefaultAbsSender.java:1216)
	at org.telegram.telegrambots.bots.DefaultAbsSender.sendMethodRequest(DefaultAbsSender.java:1212)
	at org.telegram.telegrambots.bots.DefaultAbsSender.sendApiMethod(DefaultAbsSender.java:1181)
	... 37 common frames omitted
2025-07-27 12:00:18 INFO  [main] u.c.d.DigitalActiveApplication - Starting DigitalActiveApplication using Java 21.0.6 with PID 5748 (C:\Users\User\Desktop\java-intensive\DigitalActive\build\classes\java\main started by User in C:\Users\User\Desktop\java-intensive\DigitalActive)
2025-07-27 12:00:18 INFO  [main] u.c.d.DigitalActiveApplication - No active profile set, falling back to 1 default profile: "default"
2025-07-27 12:00:21 INFO  [main] o.s.d.r.c.RepositoryConfigurationDelegate - Bootstrapping Spring Data JPA repositories in DEFAULT mode.
2025-07-27 12:00:22 INFO  [main] o.s.d.r.c.RepositoryConfigurationDelegate - Finished Spring Data repository scanning in 348 ms. Found 6 JPA repository interfaces.
2025-07-27 12:00:24 INFO  [main] o.s.b.w.e.tomcat.TomcatWebServer - Tomcat initialized with port 8080 (http)
2025-07-27 12:00:24 INFO  [main] o.a.coyote.http11.Http11NioProtocol - Initializing ProtocolHandler ["http-nio-8080"]
2025-07-27 12:00:24 INFO  [main] o.a.catalina.core.StandardService - Starting service [Tomcat]
2025-07-27 12:00:24 INFO  [main] o.a.catalina.core.StandardEngine - Starting Servlet engine: [Apache Tomcat/10.1.39]
2025-07-27 12:00:24 INFO  [main] o.a.c.c.C.[Tomcat].[localhost].[/] - Initializing Spring embedded WebApplicationContext
2025-07-27 12:00:24 INFO  [main] o.s.b.w.s.c.ServletWebServerApplicationContext - Root WebApplicationContext: initialization completed in 5970 ms
2025-07-27 12:00:25 INFO  [main] o.h.jpa.internal.util.LogHelper - HHH000204: Processing PersistenceUnitInfo [name: default]
2025-07-27 12:00:25 INFO  [main] org.hibernate.Version - HHH000412: Hibernate ORM core version 6.6.11.Final
2025-07-27 12:00:25 INFO  [main] o.h.c.i.RegionFactoryInitiator - HHH000026: Second-level cache disabled
2025-07-27 12:00:26 INFO  [main] o.s.o.j.p.SpringPersistenceUnitInfo - No LoadTimeWeaver setup: ignoring JPA class transformer
2025-07-27 12:00:26 INFO  [main] com.zaxxer.hikari.HikariDataSource - HikariPool-1 - Starting...
2025-07-27 12:00:26 INFO  [main] com.zaxxer.hikari.pool.HikariPool - HikariPool-1 - Added connection org.postgresql.jdbc.PgConnection@1ff23bd1
2025-07-27 12:00:26 INFO  [main] com.zaxxer.hikari.HikariDataSource - HikariPool-1 - Start completed.
2025-07-27 12:00:26 WARN  [main] org.hibernate.orm.deprecation - HHH90000025: PostgreSQLDialect does not need to be specified explicitly using 'hibernate.dialect' (remove the property setting and it will be selected by default)
2025-07-27 12:00:26 INFO  [main] o.hibernate.orm.connections.pooling - HHH10001005: Database info:
	Database JDBC URL [Connecting through datasource 'HikariDataSource (HikariPool-1)']
	Database driver: undefined/unknown
	Database version: 17.4
	Autocommit mode: undefined/unknown
	Isolation level: undefined/unknown
	Minimum pool size: undefined/unknown
	Maximum pool size: undefined/unknown
2025-07-27 12:00:28 INFO  [main] o.h.e.t.j.p.i.JtaPlatformInitiator - HHH000489: No JTA platform available (set 'hibernate.transaction.jta.platform' to enable JTA platform integration)
2025-07-27 12:00:30 INFO  [main] o.s.o.j.LocalContainerEntityManagerFactoryBean - Initialized JPA EntityManagerFactory for persistence unit 'default'
2025-07-27 12:00:30 INFO  [main] o.s.d.j.r.query.QueryEnhancerFactory - Hibernate is in classpath; If applicable, HQL parser will be used.
2025-07-27 12:00:35 WARN  [main] o.s.b.w.s.c.AnnotationConfigServletWebServerApplicationContext - Exception encountered during context initialization - cancelling refresh attempt: org.springframework.beans.factory.BeanCreationException: Error creating bean with name 'telegramBotsApi' defined in class path resource [uz/company/digitalactive/bot/BotConfig.class]: Failed to instantiate [org.telegram.telegrambots.meta.TelegramBotsApi]: Factory method 'telegramBotsApi' threw exception with message: Error removing old webhook
2025-07-27 12:00:35 INFO  [main] o.s.o.j.LocalContainerEntityManagerFactoryBean - Closing JPA EntityManagerFactory for persistence unit 'default'
2025-07-27 12:00:35 INFO  [main] com.zaxxer.hikari.HikariDataSource - HikariPool-1 - Shutdown initiated...
2025-07-27 12:00:35 INFO  [main] com.zaxxer.hikari.HikariDataSource - HikariPool-1 - Shutdown completed.
2025-07-27 12:00:35 INFO  [main] o.a.catalina.core.StandardService - Stopping service [Tomcat]
2025-07-27 12:00:35 INFO  [main] o.s.b.a.l.ConditionEvaluationReportLogger - 

Error starting ApplicationContext. To display the condition evaluation report re-run your application with 'debug' enabled.
2025-07-27 12:00:35 ERROR [main] o.s.boot.SpringApplication - Application run failed
org.springframework.beans.factory.BeanCreationException: Error creating bean with name 'telegramBotsApi' defined in class path resource [uz/company/digitalactive/bot/BotConfig.class]: Failed to instantiate [org.telegram.telegrambots.meta.TelegramBotsApi]: Factory method 'telegramBotsApi' threw exception with message: Error removing old webhook
	at org.springframework.beans.factory.support.ConstructorResolver.instantiate(ConstructorResolver.java:657)
	at org.springframework.beans.factory.support.ConstructorResolver.instantiateUsingFactoryMethod(ConstructorResolver.java:645)
	at org.springframework.beans.factory.support.AbstractAutowireCapableBeanFactory.instantiateUsingFactoryMethod(AbstractAutowireCapableBeanFactory.java:1361)
	at org.springframework.beans.factory.support.AbstractAutowireCapableBeanFactory.createBeanInstance(AbstractAutowireCapableBeanFactory.java:1191)
	at org.springframework.beans.factory.support.AbstractAutowireCapableBeanFactory.doCreateBean(AbstractAutowireCapableBeanFactory.java:563)
	at org.springframework.beans.factory.support.AbstractAutowireCapableBeanFactory.createBean(AbstractAutowireCapableBeanFactory.java:523)
	at org.springframework.beans.factory.support.AbstractBeanFactory.lambda$doGetBean$0(AbstractBeanFactory.java:339)
	at org.springframework.beans.factory.support.DefaultSingletonBeanRegistry.getSingleton(DefaultSingletonBeanRegistry.java:347)
	at org.springframework.beans.factory.support.AbstractBeanFactory.doGetBean(AbstractBeanFactory.java:337)
	at org.springframework.beans.factory.support.AbstractBeanFactory.getBean(AbstractBeanFactory.java:202)
	at org.springframework.beans.factory.support.DefaultListableBeanFactory.instantiateSingleton(DefaultListableBeanFactory.java:1155)
	at org.springframework.beans.factory.support.DefaultListableBeanFactory.preInstantiateSingleton(DefaultListableBeanFactory.java:1121)
	at org.springframework.beans.factory.support.DefaultListableBeanFactory.preInstantiateSingletons(DefaultListableBeanFactory.java:1056)
	at org.springframework.context.support.AbstractApplicationContext.finishBeanFactoryInitialization(AbstractApplicationContext.java:987)
	at org.springframework.context.support.AbstractApplicationContext.refresh(AbstractApplicationContext.java:627)
	at org.springframework.boot.web.servlet.context.ServletWebServerApplicationContext.refresh(ServletWebServerApplicationContext.java:146)
	at org.springframework.boot.SpringApplication.refresh(SpringApplication.java:752)
	at org.springframework.boot.SpringApplication.refreshContext(SpringApplication.java:439)
	at org.springframework.boot.SpringApplication.run(SpringApplication.java:318)
	at org.springframework.boot.SpringApplication.run(SpringApplication.java:1361)
	at org.springframework.boot.SpringApplication.run(SpringApplication.java:1350)
	at uz.company.digitalactive.DigitalActiveApplication.main(DigitalActiveApplication.java:14)
Caused by: org.springframework.beans.BeanInstantiationException: Failed to instantiate [org.telegram.telegrambots.meta.TelegramBotsApi]: Factory method 'telegramBotsApi' threw exception with message: Error removing old webhook
	at org.springframework.beans.factory.support.SimpleInstantiationStrategy.lambda$instantiate$0(SimpleInstantiationStrategy.java:199)
	at org.springframework.beans.factory.support.SimpleInstantiationStrategy.instantiateWithFactoryMethod(SimpleInstantiationStrategy.java:88)
	at org.springframework.beans.factory.support.SimpleInstantiationStrategy.instantiate(SimpleInstantiationStrategy.java:168)
	at org.springframework.beans.factory.support.ConstructorResolver.instantiate(ConstructorResolver.java:653)
	... 21 common frames omitted
Caused by: org.telegram.telegrambots.meta.exceptions.TelegramApiRequestException: Error removing old webhook
	at org.telegram.telegrambots.util.WebhookUtils.clearWebhook(WebhookUtils.java:113)
	at org.telegram.telegrambots.bots.TelegramLongPollingBot.clearWebhook(TelegramLongPollingBot.java:41)
	at org.telegram.telegrambots.meta.TelegramBotsApi.registerBot(TelegramBotsApi.java:65)
	at uz.company.digitalactive.bot.BotConfig.telegramBotsApi(BotConfig.java:16)
	at uz.company.digitalactive.bot.BotConfig$$SpringCGLIB$$0.CGLIB$telegramBotsApi$0(<generated>)
	at uz.company.digitalactive.bot.BotConfig$$SpringCGLIB$$FastClass$$1.invoke(<generated>)
	at org.springframework.cglib.proxy.MethodProxy.invokeSuper(MethodProxy.java:258)
	at org.springframework.context.annotation.ConfigurationClassEnhancer$BeanMethodInterceptor.intercept(ConfigurationClassEnhancer.java:370)
	at uz.company.digitalactive.bot.BotConfig$$SpringCGLIB$$0.telegramBotsApi(<generated>)
	at java.base/jdk.internal.reflect.DirectMethodHandleAccessor.invoke(DirectMethodHandleAccessor.java:103)
	at java.base/java.lang.reflect.Method.invoke(Method.java:580)
	at org.springframework.beans.factory.support.SimpleInstantiationStrategy.lambda$instantiate$0(SimpleInstantiationStrategy.java:171)
	... 24 common frames omitted
Caused by: org.telegram.telegrambots.meta.exceptions.TelegramApiException: Unable to execute deleteWebhook method
	at org.telegram.telegrambots.bots.DefaultAbsSender.sendApiMethod(DefaultAbsSender.java:1184)
	at org.telegram.telegrambots.meta.bots.AbsSender.execute(AbsSender.java:61)
	at org.telegram.telegrambots.util.WebhookUtils.clearWebhook(WebhookUtils.java:108)
	... 35 common frames omitted
Caused by: java.net.UnknownHostException: Этот хост неизвестен (api.telegram.org)
	at java.base/java.net.Inet6AddressImpl.lookupAllHostAddr(Native Method)
	at java.base/java.net.Inet6AddressImpl.lookupAllHostAddr(Inet6AddressImpl.java:52)
	at java.base/java.net.InetAddress$PlatformResolver.lookupByName(InetAddress.java:1211)
	at java.base/java.net.InetAddress.getAddressesFromNameService(InetAddress.java:1828)
	at java.base/java.net.InetAddress$NameServiceAddresses.get(InetAddress.java:1139)
	at java.base/java.net.InetAddress.getAllByName0(InetAddress.java:1818)
	at java.base/java.net.InetAddress.getAllByName(InetAddress.java:1688)
	at org.apache.http.impl.conn.SystemDefaultDnsResolver.resolve(SystemDefaultDnsResolver.java:45)
	at org.apache.http.impl.conn.DefaultHttpClientConnectionOperator.connect(DefaultHttpClientConnectionOperator.java:112)
	at org.apache.http.impl.conn.PoolingHttpClientConnectionManager.connect(PoolingHttpClientConnectionManager.java:376)
	at org.apache.http.impl.execchain.MainClientExec.establishRoute(MainClientExec.java:393)
	at org.apache.http.impl.execchain.MainClientExec.execute(MainClientExec.java:236)
	at org.apache.http.impl.execchain.ProtocolExec.execute(ProtocolExec.java:186)
	at org.apache.http.impl.execchain.RetryExec.execute(RetryExec.java:89)
	at org.apache.http.impl.execchain.RedirectExec.execute(RedirectExec.java:110)
	at org.apache.http.impl.client.InternalHttpClient.doExecute(InternalHttpClient.java:185)
	at org.apache.http.impl.client.CloseableHttpClient.execute(CloseableHttpClient.java:83)
	at org.telegram.telegrambots.bots.DefaultAbsSender.sendHttpPostRequest(DefaultAbsSender.java:1216)
	at org.telegram.telegrambots.bots.DefaultAbsSender.sendMethodRequest(DefaultAbsSender.java:1212)
	at org.telegram.telegrambots.bots.DefaultAbsSender.sendApiMethod(DefaultAbsSender.java:1181)
	... 37 common frames omitted
2025-07-27 12:02:54 INFO  [main] u.c.d.DigitalActiveApplication - Starting DigitalActiveApplication using Java 21.0.6 with PID 12628 (C:\Users\User\Desktop\java-intensive\DigitalActive\build\classes\java\main started by User in C:\Users\User\Desktop\java-intensive\DigitalActive)
2025-07-27 12:02:54 INFO  [main] u.c.d.DigitalActiveApplication - No active profile set, falling back to 1 default profile: "default"
2025-07-27 12:02:56 INFO  [main] o.s.d.r.c.RepositoryConfigurationDelegate - Bootstrapping Spring Data JPA repositories in DEFAULT mode.
2025-07-27 12:02:56 INFO  [main] o.s.d.r.c.RepositoryConfigurationDelegate - Finished Spring Data repository scanning in 238 ms. Found 6 JPA repository interfaces.
2025-07-27 12:02:58 INFO  [main] o.s.b.w.e.tomcat.TomcatWebServer - Tomcat initialized with port 8080 (http)
2025-07-27 12:02:58 INFO  [main] o.a.coyote.http11.Http11NioProtocol - Initializing ProtocolHandler ["http-nio-8080"]
2025-07-27 12:02:58 INFO  [main] o.a.catalina.core.StandardService - Starting service [Tomcat]
2025-07-27 12:02:58 INFO  [main] o.a.catalina.core.StandardEngine - Starting Servlet engine: [Apache Tomcat/10.1.39]
2025-07-27 12:02:58 INFO  [main] o.a.c.c.C.[Tomcat].[localhost].[/] - Initializing Spring embedded WebApplicationContext
2025-07-27 12:02:58 INFO  [main] o.s.b.w.s.c.ServletWebServerApplicationContext - Root WebApplicationContext: initialization completed in 3544 ms
2025-07-27 12:02:58 INFO  [main] o.h.jpa.internal.util.LogHelper - HHH000204: Processing PersistenceUnitInfo [name: default]
2025-07-27 12:02:59 INFO  [main] org.hibernate.Version - HHH000412: Hibernate ORM core version 6.6.11.Final
2025-07-27 12:02:59 INFO  [main] o.h.c.i.RegionFactoryInitiator - HHH000026: Second-level cache disabled
2025-07-27 12:02:59 INFO  [main] o.s.o.j.p.SpringPersistenceUnitInfo - No LoadTimeWeaver setup: ignoring JPA class transformer
2025-07-27 12:02:59 INFO  [main] com.zaxxer.hikari.HikariDataSource - HikariPool-1 - Starting...
2025-07-27 12:02:59 INFO  [main] com.zaxxer.hikari.pool.HikariPool - HikariPool-1 - Added connection org.postgresql.jdbc.PgConnection@1ff23bd1
2025-07-27 12:02:59 INFO  [main] com.zaxxer.hikari.HikariDataSource - HikariPool-1 - Start completed.
2025-07-27 12:02:59 WARN  [main] org.hibernate.orm.deprecation - HHH90000025: PostgreSQLDialect does not need to be specified explicitly using 'hibernate.dialect' (remove the property setting and it will be selected by default)
2025-07-27 12:02:59 INFO  [main] o.hibernate.orm.connections.pooling - HHH10001005: Database info:
	Database JDBC URL [Connecting through datasource 'HikariDataSource (HikariPool-1)']
	Database driver: undefined/unknown
	Database version: 17.4
	Autocommit mode: undefined/unknown
	Isolation level: undefined/unknown
	Minimum pool size: undefined/unknown
	Maximum pool size: undefined/unknown
2025-07-27 12:03:01 INFO  [main] o.h.e.t.j.p.i.JtaPlatformInitiator - HHH000489: No JTA platform available (set 'hibernate.transaction.jta.platform' to enable JTA platform integration)
2025-07-27 12:03:02 INFO  [main] o.s.o.j.LocalContainerEntityManagerFactoryBean - Initialized JPA EntityManagerFactory for persistence unit 'default'
2025-07-27 12:03:02 INFO  [main] o.s.d.j.r.query.QueryEnhancerFactory - Hibernate is in classpath; If applicable, HQL parser will be used.
2025-07-27 12:03:06 WARN  [main] o.s.b.a.o.j.JpaBaseConfiguration$JpaWebConfiguration - spring.jpa.open-in-view is enabled by default. Therefore, database queries may be performed during view rendering. Explicitly configure spring.jpa.open-in-view to disable this warning
2025-07-27 12:03:06 INFO  [main] o.s.s.c.a.a.c.InitializeAuthenticationProviderBeanManagerConfigurer$InitializeAuthenticationProviderManagerConfigurer - Global AuthenticationManager configured with AuthenticationProvider bean with name authenticationProvider
2025-07-27 12:03:06 WARN  [main] o.s.s.c.a.a.c.InitializeUserDetailsBeanManagerConfigurer$InitializeUserDetailsManagerConfigurer - Global AuthenticationManager configured with an AuthenticationProvider bean. UserDetailsService beans will not be used by Spring Security for automatically configuring username/password login. Consider removing the AuthenticationProvider bean. Alternatively, consider using the UserDetailsService in a manually instantiated DaoAuthenticationProvider. If the current configuration is intentional, to turn off this warning, increase the logging level of 'org.springframework.security.config.annotation.authentication.configuration.InitializeUserDetailsBeanManagerConfigurer' to ERROR
2025-07-27 12:03:07 INFO  [main] o.s.v.b.OptionalValidatorFactoryBean - Failed to set up a Bean Validation provider: jakarta.validation.NoProviderFoundException: Unable to create a Configuration, because no Jakarta Bean Validation provider could be found. Add a provider like Hibernate Validator (RI) to your classpath.
2025-07-27 12:03:08 INFO  [main] o.a.coyote.http11.Http11NioProtocol - Starting ProtocolHandler ["http-nio-8080"]
2025-07-27 12:03:08 INFO  [main] o.s.b.w.e.tomcat.TomcatWebServer - Tomcat started on port 8080 (http) with context path '/'
2025-07-27 12:03:08 INFO  [main] o.s.b.w.e.tomcat.TomcatWebServer - Tomcat initialized with port 8081 (http)
2025-07-27 12:03:08 INFO  [main] o.a.coyote.http11.Http11NioProtocol - Initializing ProtocolHandler ["http-nio-8081"]
2025-07-27 12:03:08 INFO  [main] o.a.catalina.core.StandardService - Starting service [Tomcat]
2025-07-27 12:03:08 INFO  [main] o.a.catalina.core.StandardEngine - Starting Servlet engine: [Apache Tomcat/10.1.39]
2025-07-27 12:03:08 INFO  [main] o.a.c.c.C.[Tomcat-1].[localhost].[/] - Initializing Spring embedded WebApplicationContext
2025-07-27 12:03:08 INFO  [main] o.s.b.w.s.c.ServletWebServerApplicationContext - Root WebApplicationContext: initialization completed in 147 ms
2025-07-27 12:03:08 INFO  [main] o.s.b.a.e.web.EndpointLinksResolver - Exposing 3 endpoints beneath base path '/actuator'
2025-07-27 12:03:08 INFO  [main] o.s.v.b.OptionalValidatorFactoryBean - Failed to set up a Bean Validation provider: jakarta.validation.NoProviderFoundException: Unable to create a Configuration, because no Jakarta Bean Validation provider could be found. Add a provider like Hibernate Validator (RI) to your classpath.
2025-07-27 12:03:08 INFO  [main] o.a.coyote.http11.Http11NioProtocol - Starting ProtocolHandler ["http-nio-8081"]
2025-07-27 12:03:08 INFO  [main] o.s.b.w.e.tomcat.TomcatWebServer - Tomcat started on port 8081 (http) with context path '/'
2025-07-27 12:03:08 INFO  [main] u.c.d.DigitalActiveApplication - Started DigitalActiveApplication in 14.38 seconds (process running for 31.805)
2025-07-27 12:03:13 INFO  [http-nio-8080-exec-1] o.a.c.c.C.[Tomcat].[localhost].[/] - Initializing Spring DispatcherServlet 'dispatcherServlet'
2025-07-27 12:03:13 INFO  [http-nio-8080-exec-1] o.s.web.servlet.DispatcherServlet - Initializing Servlet 'dispatcherServlet'
2025-07-27 12:03:13 INFO  [http-nio-8080-exec-1] o.s.web.servlet.DispatcherServlet - Completed initialization in 8 ms
2025-07-27 12:03:15 INFO  [http-nio-8080-exec-6] o.s.api.AbstractOpenApiResource - Init duration for springdoc-openapi is: 1551 ms
2025-07-27 12:05:13 ERROR [@WebsiteNumber1Bot Telegram Connection] o.t.t.u.DefaultBotSession - Connection reset
java.net.SocketException: Connection reset
	at java.base/sun.nio.ch.NioSocketImpl.implRead(NioSocketImpl.java:318)
	at java.base/sun.nio.ch.NioSocketImpl.read(NioSocketImpl.java:346)
	at java.base/sun.nio.ch.NioSocketImpl$1.read(NioSocketImpl.java:796)
	at java.base/java.net.Socket$SocketInputStream.read(Socket.java:1099)
	at java.base/sun.security.ssl.SSLSocketInputRecord.read(SSLSocketInputRecord.java:489)
	at java.base/sun.security.ssl.SSLSocketInputRecord.readHeader(SSLSocketInputRecord.java:483)
	at java.base/sun.security.ssl.SSLSocketInputRecord.bytesInCompletePacket(SSLSocketInputRecord.java:70)
	at java.base/sun.security.ssl.SSLSocketImpl.readApplicationRecord(SSLSocketImpl.java:1461)
	at java.base/sun.security.ssl.SSLSocketImpl$AppInputStream.read(SSLSocketImpl.java:1066)
	at org.apache.http.impl.io.SessionInputBufferImpl.streamRead(SessionInputBufferImpl.java:137)
	at org.apache.http.impl.io.SessionInputBufferImpl.fillBuffer(SessionInputBufferImpl.java:153)
	at org.apache.http.impl.io.SessionInputBufferImpl.readLine(SessionInputBufferImpl.java:280)
	at org.apache.http.impl.conn.DefaultHttpResponseParser.parseHead(DefaultHttpResponseParser.java:138)
	at org.apache.http.impl.conn.DefaultHttpResponseParser.parseHead(DefaultHttpResponseParser.java:56)
	at org.apache.http.impl.io.AbstractMessageParser.parse(AbstractMessageParser.java:259)
	at org.apache.http.impl.DefaultBHttpClientConnection.receiveResponseHeader(DefaultBHttpClientConnection.java:163)
	at org.apache.http.impl.conn.CPoolProxy.receiveResponseHeader(CPoolProxy.java:157)
	at org.apache.http.protocol.HttpRequestExecutor.doReceiveResponse(HttpRequestExecutor.java:273)
	at org.apache.http.protocol.HttpRequestExecutor.execute(HttpRequestExecutor.java:125)
	at org.apache.http.impl.execchain.MainClientExec.execute(MainClientExec.java:272)
	at org.apache.http.impl.execchain.ProtocolExec.execute(ProtocolExec.java:186)
	at org.apache.http.impl.execchain.RetryExec.execute(RetryExec.java:89)
	at org.apache.http.impl.execchain.RedirectExec.execute(RedirectExec.java:110)
	at org.apache.http.impl.client.InternalHttpClient.doExecute(InternalHttpClient.java:185)
	at org.apache.http.impl.client.CloseableHttpClient.execute(CloseableHttpClient.java:83)
	at org.telegram.telegrambots.updatesreceivers.DefaultBotSession$ReaderThread.getUpdatesFromServer(DefaultBotSession.java:249)
	at org.telegram.telegrambots.updatesreceivers.DefaultBotSession$ReaderThread.run(DefaultBotSession.java:188)
2025-07-27 12:05:51 INFO  [http-nio-8081-exec-1] o.a.c.c.C.[Tomcat-1].[localhost].[/] - Initializing Spring DispatcherServlet 'dispatcherServletRegistration'
2025-07-27 12:05:51 INFO  [http-nio-8081-exec-1] o.s.web.servlet.DispatcherServlet - Initializing Servlet 'dispatcherServletRegistration'
2025-07-27 12:05:51 INFO  [http-nio-8081-exec-1] o.s.web.servlet.DispatcherServlet - Completed initialization in 0 ms
2025-08-12 14:17:47 INFO  [main] u.c.d.DigitalActiveApplication - Starting DigitalActiveApplication using Java 21.0.6 with PID 1624 (C:\Users\User\Desktop\java-intensive\DigitalActive\build\classes\java\main started by User in C:\Users\User\Desktop\java-intensive\DigitalActive)
2025-08-12 14:17:47 INFO  [main] u.c.d.DigitalActiveApplication - No active profile set, falling back to 1 default profile: "default"
2025-08-12 14:17:49 INFO  [main] o.s.d.r.c.RepositoryConfigurationDelegate - Bootstrapping Spring Data JPA repositories in DEFAULT mode.
2025-08-12 14:17:49 INFO  [main] o.s.d.r.c.RepositoryConfigurationDelegate - Finished Spring Data repository scanning in 170 ms. Found 6 JPA repository interfaces.
2025-08-12 14:17:50 INFO  [main] o.s.b.w.e.tomcat.TomcatWebServer - Tomcat initialized with port 8080 (http)
2025-08-12 14:17:50 INFO  [main] o.a.coyote.http11.Http11NioProtocol - Initializing ProtocolHandler ["http-nio-8080"]
2025-08-12 14:17:50 INFO  [main] o.a.catalina.core.StandardService - Starting service [Tomcat]
2025-08-12 14:17:50 INFO  [main] o.a.catalina.core.StandardEngine - Starting Servlet engine: [Apache Tomcat/10.1.39]
2025-08-12 14:17:50 INFO  [main] o.a.c.c.C.[Tomcat].[localhost].[/] - Initializing Spring embedded WebApplicationContext
2025-08-12 14:17:50 INFO  [main] o.s.b.w.s.c.ServletWebServerApplicationContext - Root WebApplicationContext: initialization completed in 2886 ms
2025-08-12 14:17:51 INFO  [main] o.h.jpa.internal.util.LogHelper - HHH000204: Processing PersistenceUnitInfo [name: default]
2025-08-12 14:17:51 INFO  [main] org.hibernate.Version - HHH000412: Hibernate ORM core version 6.6.11.Final
2025-08-12 14:17:51 INFO  [main] o.h.c.i.RegionFactoryInitiator - HHH000026: Second-level cache disabled
2025-08-12 14:17:51 INFO  [main] o.s.o.j.p.SpringPersistenceUnitInfo - No LoadTimeWeaver setup: ignoring JPA class transformer
2025-08-12 14:17:51 INFO  [main] com.zaxxer.hikari.HikariDataSource - HikariPool-1 - Starting...
2025-08-12 14:17:52 INFO  [main] com.zaxxer.hikari.pool.HikariPool - HikariPool-1 - Added connection org.postgresql.jdbc.PgConnection@406808eb
2025-08-12 14:17:52 INFO  [main] com.zaxxer.hikari.HikariDataSource - HikariPool-1 - Start completed.
2025-08-12 14:17:52 WARN  [main] org.hibernate.orm.deprecation - HHH90000025: PostgreSQLDialect does not need to be specified explicitly using 'hibernate.dialect' (remove the property setting and it will be selected by default)
2025-08-12 14:17:52 INFO  [main] o.hibernate.orm.connections.pooling - HHH10001005: Database info:
	Database JDBC URL [Connecting through datasource 'HikariDataSource (HikariPool-1)']
	Database driver: undefined/unknown
	Database version: 17.4
	Autocommit mode: undefined/unknown
	Isolation level: undefined/unknown
	Minimum pool size: undefined/unknown
	Maximum pool size: undefined/unknown
2025-08-12 14:17:53 INFO  [main] o.h.e.t.j.p.i.JtaPlatformInitiator - HHH000489: No JTA platform available (set 'hibernate.transaction.jta.platform' to enable JTA platform integration)
2025-08-12 14:17:54 INFO  [main] o.s.o.j.LocalContainerEntityManagerFactoryBean - Initialized JPA EntityManagerFactory for persistence unit 'default'
2025-08-12 14:17:54 INFO  [main] o.s.d.j.r.query.QueryEnhancerFactory - Hibernate is in classpath; If applicable, HQL parser will be used.
2025-08-12 14:17:57 WARN  [main] o.s.b.a.o.j.JpaBaseConfiguration$JpaWebConfiguration - spring.jpa.open-in-view is enabled by default. Therefore, database queries may be performed during view rendering. Explicitly configure spring.jpa.open-in-view to disable this warning
2025-08-12 14:17:57 INFO  [main] o.s.s.c.a.a.c.InitializeAuthenticationProviderBeanManagerConfigurer$InitializeAuthenticationProviderManagerConfigurer - Global AuthenticationManager configured with AuthenticationProvider bean with name authenticationProvider
2025-08-12 14:17:57 WARN  [main] o.s.s.c.a.a.c.InitializeUserDetailsBeanManagerConfigurer$InitializeUserDetailsManagerConfigurer - Global AuthenticationManager configured with an AuthenticationProvider bean. UserDetailsService beans will not be used by Spring Security for automatically configuring username/password login. Consider removing the AuthenticationProvider bean. Alternatively, consider using the UserDetailsService in a manually instantiated DaoAuthenticationProvider. If the current configuration is intentional, to turn off this warning, increase the logging level of 'org.springframework.security.config.annotation.authentication.configuration.InitializeUserDetailsBeanManagerConfigurer' to ERROR
2025-08-12 14:17:58 INFO  [main] o.s.v.b.OptionalValidatorFactoryBean - Failed to set up a Bean Validation provider: jakarta.validation.NoProviderFoundException: Unable to create a Configuration, because no Jakarta Bean Validation provider could be found. Add a provider like Hibernate Validator (RI) to your classpath.
2025-08-12 14:17:59 INFO  [main] o.a.coyote.http11.Http11NioProtocol - Starting ProtocolHandler ["http-nio-8080"]
2025-08-12 14:18:01 WARN  [main] o.s.b.w.s.c.AnnotationConfigServletWebServerApplicationContext - Exception encountered during context initialization - cancelling refresh attempt: org.springframework.context.ApplicationContextException: Failed to start bean 'webServerStartStop'
2025-08-12 14:18:01 INFO  [main] o.s.o.j.LocalContainerEntityManagerFactoryBean - Closing JPA EntityManagerFactory for persistence unit 'default'
2025-08-12 14:18:01 INFO  [main] com.zaxxer.hikari.HikariDataSource - HikariPool-1 - Shutdown initiated...
2025-08-12 14:18:01 INFO  [main] com.zaxxer.hikari.HikariDataSource - HikariPool-1 - Shutdown completed.
2025-08-12 14:18:01 INFO  [main] o.s.b.a.l.ConditionEvaluationReportLogger - 

Error starting ApplicationContext. To display the condition evaluation report re-run your application with 'debug' enabled.
2025-08-12 14:18:01 ERROR [main] o.s.b.d.LoggingFailureAnalysisReporter - 

***************************
APPLICATION FAILED TO START
***************************

Description:

Web server failed to start. Port 8080 was already in use.

Action:

Identify and stop the process that's listening on port 8080 or configure this application to listen on another port.

2025-08-12 14:35:18 INFO  [main] u.c.d.DigitalActiveApplication - Starting DigitalActiveApplication using Java 21.0.6 with PID 10296 (C:\Users\User\Desktop\java-intensive\DigitalActive\build\classes\java\main started by User in C:\Users\User\Desktop\java-intensive\DigitalActive)
2025-08-12 14:35:18 INFO  [main] u.c.d.DigitalActiveApplication - No active profile set, falling back to 1 default profile: "default"
2025-08-12 14:35:19 INFO  [main] o.s.d.r.c.RepositoryConfigurationDelegate - Bootstrapping Spring Data JPA repositories in DEFAULT mode.
2025-08-12 14:35:20 INFO  [main] o.s.d.r.c.RepositoryConfigurationDelegate - Finished Spring Data repository scanning in 185 ms. Found 6 JPA repository interfaces.
2025-08-12 14:35:21 INFO  [main] o.s.b.w.e.tomcat.TomcatWebServer - Tomcat initialized with port 8080 (http)
2025-08-12 14:35:21 INFO  [main] o.a.coyote.http11.Http11NioProtocol - Initializing ProtocolHandler ["http-nio-8080"]
2025-08-12 14:35:21 INFO  [main] o.a.catalina.core.StandardService - Starting service [Tomcat]
2025-08-12 14:35:21 INFO  [main] o.a.catalina.core.StandardEngine - Starting Servlet engine: [Apache Tomcat/10.1.39]
2025-08-12 14:35:21 INFO  [main] o.a.c.c.C.[Tomcat].[localhost].[/] - Initializing Spring embedded WebApplicationContext
2025-08-12 14:35:21 INFO  [main] o.s.b.w.s.c.ServletWebServerApplicationContext - Root WebApplicationContext: initialization completed in 2766 ms
2025-08-12 14:35:21 INFO  [main] o.h.jpa.internal.util.LogHelper - HHH000204: Processing PersistenceUnitInfo [name: default]
2025-08-12 14:35:21 INFO  [main] org.hibernate.Version - HHH000412: Hibernate ORM core version 6.6.11.Final
2025-08-12 14:35:21 INFO  [main] o.h.c.i.RegionFactoryInitiator - HHH000026: Second-level cache disabled
2025-08-12 14:35:21 INFO  [main] o.s.o.j.p.SpringPersistenceUnitInfo - No LoadTimeWeaver setup: ignoring JPA class transformer
2025-08-12 14:35:21 INFO  [main] com.zaxxer.hikari.HikariDataSource - HikariPool-1 - Starting...
2025-08-12 14:35:22 INFO  [main] com.zaxxer.hikari.pool.HikariPool - HikariPool-1 - Added connection org.postgresql.jdbc.PgConnection@406808eb
2025-08-12 14:35:22 INFO  [main] com.zaxxer.hikari.HikariDataSource - HikariPool-1 - Start completed.
2025-08-12 14:35:22 WARN  [main] org.hibernate.orm.deprecation - HHH90000025: PostgreSQLDialect does not need to be specified explicitly using 'hibernate.dialect' (remove the property setting and it will be selected by default)
2025-08-12 14:35:22 INFO  [main] o.hibernate.orm.connections.pooling - HHH10001005: Database info:
	Database JDBC URL [Connecting through datasource 'HikariDataSource (HikariPool-1)']
	Database driver: undefined/unknown
	Database version: 17.4
	Autocommit mode: undefined/unknown
	Isolation level: undefined/unknown
	Minimum pool size: undefined/unknown
	Maximum pool size: undefined/unknown
2025-08-12 14:35:23 INFO  [main] o.h.e.t.j.p.i.JtaPlatformInitiator - HHH000489: No JTA platform available (set 'hibernate.transaction.jta.platform' to enable JTA platform integration)
2025-08-12 14:35:24 INFO  [main] o.s.o.j.LocalContainerEntityManagerFactoryBean - Initialized JPA EntityManagerFactory for persistence unit 'default'
2025-08-12 14:35:24 INFO  [main] o.s.d.j.r.query.QueryEnhancerFactory - Hibernate is in classpath; If applicable, HQL parser will be used.
2025-08-12 14:35:27 WARN  [main] o.s.b.a.o.j.JpaBaseConfiguration$JpaWebConfiguration - spring.jpa.open-in-view is enabled by default. Therefore, database queries may be performed during view rendering. Explicitly configure spring.jpa.open-in-view to disable this warning
2025-08-12 14:35:27 INFO  [main] o.s.s.c.a.a.c.InitializeAuthenticationProviderBeanManagerConfigurer$InitializeAuthenticationProviderManagerConfigurer - Global AuthenticationManager configured with AuthenticationProvider bean with name authenticationProvider
2025-08-12 14:35:27 WARN  [main] o.s.s.c.a.a.c.InitializeUserDetailsBeanManagerConfigurer$InitializeUserDetailsManagerConfigurer - Global AuthenticationManager configured with an AuthenticationProvider bean. UserDetailsService beans will not be used by Spring Security for automatically configuring username/password login. Consider removing the AuthenticationProvider bean. Alternatively, consider using the UserDetailsService in a manually instantiated DaoAuthenticationProvider. If the current configuration is intentional, to turn off this warning, increase the logging level of 'org.springframework.security.config.annotation.authentication.configuration.InitializeUserDetailsBeanManagerConfigurer' to ERROR
2025-08-12 14:35:28 INFO  [main] o.s.v.b.OptionalValidatorFactoryBean - Failed to set up a Bean Validation provider: jakarta.validation.NoProviderFoundException: Unable to create a Configuration, because no Jakarta Bean Validation provider could be found. Add a provider like Hibernate Validator (RI) to your classpath.
2025-08-12 14:35:29 INFO  [main] o.a.coyote.http11.Http11NioProtocol - Starting ProtocolHandler ["http-nio-8080"]
2025-08-12 14:35:29 INFO  [main] o.s.b.w.e.tomcat.TomcatWebServer - Tomcat started on port 8080 (http) with context path '/'
2025-08-12 14:35:29 INFO  [main] o.s.b.w.e.tomcat.TomcatWebServer - Tomcat initialized with port 8081 (http)
2025-08-12 14:35:29 INFO  [main] o.a.coyote.http11.Http11NioProtocol - Initializing ProtocolHandler ["http-nio-8081"]
2025-08-12 14:35:29 INFO  [main] o.a.catalina.core.StandardService - Starting service [Tomcat]
2025-08-12 14:35:29 INFO  [main] o.a.catalina.core.StandardEngine - Starting Servlet engine: [Apache Tomcat/10.1.39]
2025-08-12 14:35:29 INFO  [main] o.a.c.c.C.[Tomcat-1].[localhost].[/] - Initializing Spring embedded WebApplicationContext
2025-08-12 14:35:29 INFO  [main] o.s.b.w.s.c.ServletWebServerApplicationContext - Root WebApplicationContext: initialization completed in 116 ms
2025-08-12 14:35:29 INFO  [main] o.s.b.a.e.web.EndpointLinksResolver - Exposing 3 endpoints beneath base path '/actuator'
2025-08-12 14:35:29 INFO  [main] o.s.v.b.OptionalValidatorFactoryBean - Failed to set up a Bean Validation provider: jakarta.validation.NoProviderFoundException: Unable to create a Configuration, because no Jakarta Bean Validation provider could be found. Add a provider like Hibernate Validator (RI) to your classpath.
2025-08-12 14:35:29 INFO  [main] o.a.coyote.http11.Http11NioProtocol - Starting ProtocolHandler ["http-nio-8081"]
2025-08-12 14:35:29 INFO  [main] o.s.b.w.e.tomcat.TomcatWebServer - Tomcat started on port 8081 (http) with context path '/'
2025-08-12 14:35:29 INFO  [main] u.c.d.DigitalActiveApplication - Started DigitalActiveApplication in 11.427 seconds (process running for 12.113)
2025-08-12 14:35:35 INFO  [http-nio-8080-exec-1] o.a.c.c.C.[Tomcat].[localhost].[/] - Initializing Spring DispatcherServlet 'dispatcherServlet'
2025-08-12 14:35:35 INFO  [http-nio-8080-exec-1] o.s.web.servlet.DispatcherServlet - Initializing Servlet 'dispatcherServlet'
2025-08-12 14:35:35 INFO  [http-nio-8080-exec-1] o.s.web.servlet.DispatcherServlet - Completed initialization in 1 ms
2025-08-12 14:35:36 INFO  [http-nio-8080-exec-6] o.s.api.AbstractOpenApiResource - Init duration for springdoc-openapi is: 761 ms
2025-10-07 11:17:50 INFO  [main] u.c.d.DigitalActiveApplication - Starting DigitalActiveApplication using Java 21.0.6 with PID 1164 (C:\Users\User\Desktop\java-intensive\DigitalActive\build\classes\java\main started by User in C:\Users\User\Desktop\java-intensive\DigitalActive)
2025-10-07 11:17:50 INFO  [main] u.c.d.DigitalActiveApplication - No active profile set, falling back to 1 default profile: "default"
2025-10-07 11:17:53 INFO  [main] o.s.d.r.c.RepositoryConfigurationDelegate - Bootstrapping Spring Data JPA repositories in DEFAULT mode.
2025-10-07 11:17:54 INFO  [main] o.s.d.r.c.RepositoryConfigurationDelegate - Finished Spring Data repository scanning in 939 ms. Found 6 JPA repository interfaces.
2025-10-07 11:17:57 INFO  [main] o.s.b.w.e.tomcat.TomcatWebServer - Tomcat initialized with port 8080 (http)
2025-10-07 11:17:57 INFO  [main] o.a.coyote.http11.Http11NioProtocol - Initializing ProtocolHandler ["http-nio-8080"]
2025-10-07 11:17:57 INFO  [main] o.a.catalina.core.StandardService - Starting service [Tomcat]
2025-10-07 11:17:57 INFO  [main] o.a.catalina.core.StandardEngine - Starting Servlet engine: [Apache Tomcat/10.1.39]
2025-10-07 11:17:58 INFO  [main] o.a.c.c.C.[Tomcat].[localhost].[/] - Initializing Spring embedded WebApplicationContext
2025-10-07 11:17:58 INFO  [main] o.s.b.w.s.c.ServletWebServerApplicationContext - Root WebApplicationContext: initialization completed in 7865 ms
2025-10-07 11:17:59 INFO  [main] o.h.jpa.internal.util.LogHelper - HHH000204: Processing PersistenceUnitInfo [name: default]
2025-10-07 11:17:59 INFO  [main] org.hibernate.Version - HHH000412: Hibernate ORM core version 6.6.11.Final
2025-10-07 11:17:59 INFO  [main] o.h.c.i.RegionFactoryInitiator - HHH000026: Second-level cache disabled
2025-10-07 11:18:00 INFO  [main] o.s.o.j.p.SpringPersistenceUnitInfo - No LoadTimeWeaver setup: ignoring JPA class transformer
2025-10-07 11:18:00 INFO  [main] com.zaxxer.hikari.HikariDataSource - HikariPool-1 - Starting...
2025-10-07 11:18:01 INFO  [main] com.zaxxer.hikari.pool.HikariPool - HikariPool-1 - Added connection org.postgresql.jdbc.PgConnection@1ff23bd1
2025-10-07 11:18:01 INFO  [main] com.zaxxer.hikari.HikariDataSource - HikariPool-1 - Start completed.
2025-10-07 11:18:01 WARN  [main] org.hibernate.orm.deprecation - HHH90000025: PostgreSQLDialect does not need to be specified explicitly using 'hibernate.dialect' (remove the property setting and it will be selected by default)
2025-10-07 11:18:01 INFO  [main] o.hibernate.orm.connections.pooling - HHH10001005: Database info:
	Database JDBC URL [Connecting through datasource 'HikariDataSource (HikariPool-1)']
	Database driver: undefined/unknown
	Database version: 17.4
	Autocommit mode: undefined/unknown
	Isolation level: undefined/unknown
	Minimum pool size: undefined/unknown
	Maximum pool size: undefined/unknown
2025-10-07 11:18:03 INFO  [main] o.h.e.t.j.p.i.JtaPlatformInitiator - HHH000489: No JTA platform available (set 'hibernate.transaction.jta.platform' to enable JTA platform integration)
2025-10-07 11:18:04 INFO  [main] o.s.o.j.LocalContainerEntityManagerFactoryBean - Initialized JPA EntityManagerFactory for persistence unit 'default'
2025-10-07 11:18:05 INFO  [main] o.s.d.j.r.query.QueryEnhancerFactory - Hibernate is in classpath; If applicable, HQL parser will be used.
2025-10-07 11:18:13 WARN  [main] o.s.b.a.o.j.JpaBaseConfiguration$JpaWebConfiguration - spring.jpa.open-in-view is enabled by default. Therefore, database queries may be performed during view rendering. Explicitly configure spring.jpa.open-in-view to disable this warning
2025-10-07 11:18:13 INFO  [main] o.s.s.c.a.a.c.InitializeAuthenticationProviderBeanManagerConfigurer$InitializeAuthenticationProviderManagerConfigurer - Global AuthenticationManager configured with AuthenticationProvider bean with name authenticationProvider
2025-10-07 11:18:13 WARN  [main] o.s.s.c.a.a.c.InitializeUserDetailsBeanManagerConfigurer$InitializeUserDetailsManagerConfigurer - Global AuthenticationManager configured with an AuthenticationProvider bean. UserDetailsService beans will not be used by Spring Security for automatically configuring username/password login. Consider removing the AuthenticationProvider bean. Alternatively, consider using the UserDetailsService in a manually instantiated DaoAuthenticationProvider. If the current configuration is intentional, to turn off this warning, increase the logging level of 'org.springframework.security.config.annotation.authentication.configuration.InitializeUserDetailsBeanManagerConfigurer' to ERROR
2025-10-07 11:18:15 INFO  [main] o.s.v.b.OptionalValidatorFactoryBean - Failed to set up a Bean Validation provider: jakarta.validation.NoProviderFoundException: Unable to create a Configuration, because no Jakarta Bean Validation provider could be found. Add a provider like Hibernate Validator (RI) to your classpath.
2025-10-07 11:18:17 INFO  [main] o.a.coyote.http11.Http11NioProtocol - Starting ProtocolHandler ["http-nio-8080"]
2025-10-07 11:18:17 INFO  [main] o.s.b.w.e.tomcat.TomcatWebServer - Tomcat started on port 8080 (http) with context path '/'
2025-10-07 11:18:17 INFO  [main] o.s.b.w.e.tomcat.TomcatWebServer - Tomcat initialized with port 8081 (http)
2025-10-07 11:18:17 INFO  [main] o.a.coyote.http11.Http11NioProtocol - Initializing ProtocolHandler ["http-nio-8081"]
2025-10-07 11:18:17 INFO  [main] o.a.catalina.core.StandardService - Starting service [Tomcat]
2025-10-07 11:18:17 INFO  [main] o.a.catalina.core.StandardEngine - Starting Servlet engine: [Apache Tomcat/10.1.39]
2025-10-07 11:18:17 INFO  [main] o.a.c.c.C.[Tomcat-1].[localhost].[/] - Initializing Spring embedded WebApplicationContext
2025-10-07 11:18:17 INFO  [main] o.s.b.w.s.c.ServletWebServerApplicationContext - Root WebApplicationContext: initialization completed in 383 ms
2025-10-07 11:18:18 INFO  [main] o.s.b.a.e.web.EndpointLinksResolver - Exposing 3 endpoints beneath base path '/actuator'
2025-10-07 11:18:18 INFO  [main] o.s.v.b.OptionalValidatorFactoryBean - Failed to set up a Bean Validation provider: jakarta.validation.NoProviderFoundException: Unable to create a Configuration, because no Jakarta Bean Validation provider could be found. Add a provider like Hibernate Validator (RI) to your classpath.
2025-10-07 11:18:18 INFO  [main] o.a.coyote.http11.Http11NioProtocol - Starting ProtocolHandler ["http-nio-8081"]
2025-10-07 11:18:18 INFO  [main] o.s.b.w.e.tomcat.TomcatWebServer - Tomcat started on port 8081 (http) with context path '/'
2025-10-07 11:18:18 INFO  [main] u.c.d.DigitalActiveApplication - Started DigitalActiveApplication in 28.956 seconds (process running for 31.384)
2025-10-07 11:25:36 INFO  [http-nio-8080-exec-1] o.a.c.c.C.[Tomcat].[localhost].[/] - Initializing Spring DispatcherServlet 'dispatcherServlet'
2025-10-07 11:25:36 INFO  [http-nio-8080-exec-1] o.s.web.servlet.DispatcherServlet - Initializing Servlet 'dispatcherServlet'
2025-10-07 11:25:36 INFO  [http-nio-8080-exec-1] o.s.web.servlet.DispatcherServlet - Completed initialization in 0 ms
2025-10-07 11:25:36 INFO  [http-nio-8081-exec-1] o.a.c.c.C.[Tomcat-1].[localhost].[/] - Initializing Spring DispatcherServlet 'dispatcherServletRegistration'
2025-10-07 11:25:36 INFO  [http-nio-8081-exec-1] o.s.web.servlet.DispatcherServlet - Initializing Servlet 'dispatcherServletRegistration'
2025-10-07 11:25:36 INFO  [http-nio-8081-exec-1] o.s.web.servlet.DispatcherServlet - Completed initialization in 0 ms
2025-10-07 11:34:35 INFO  [http-nio-8080-exec-3] o.s.api.AbstractOpenApiResource - Init duration for springdoc-openapi is: 1502 ms
2025-10-09 11:07:18 INFO  [main] u.c.d.DigitalActiveApplication - Starting DigitalActiveApplication using Java 21.0.6 with PID 3224 (C:\Users\User\Desktop\java-intensive\DigitalActive\build\classes\java\main started by User in C:\Users\User\Desktop\java-intensive\DigitalActive)
2025-10-09 11:07:18 INFO  [main] u.c.d.DigitalActiveApplication - No active profile set, falling back to 1 default profile: "default"
2025-10-09 11:07:21 INFO  [main] o.s.d.r.c.RepositoryConfigurationDelegate - Bootstrapping Spring Data JPA repositories in DEFAULT mode.
2025-10-09 11:07:21 INFO  [main] o.s.d.r.c.RepositoryConfigurationDelegate - Finished Spring Data repository scanning in 273 ms. Found 6 JPA repository interfaces.
2025-10-09 11:07:23 INFO  [main] o.s.b.w.e.tomcat.TomcatWebServer - Tomcat initialized with port 8080 (http)
2025-10-09 11:07:23 INFO  [main] o.a.coyote.http11.Http11NioProtocol - Initializing ProtocolHandler ["http-nio-8080"]
2025-10-09 11:07:23 INFO  [main] o.a.catalina.core.StandardService - Starting service [Tomcat]
2025-10-09 11:07:23 INFO  [main] o.a.catalina.core.StandardEngine - Starting Servlet engine: [Apache Tomcat/10.1.39]
2025-10-09 11:07:23 INFO  [main] o.a.c.c.C.[Tomcat].[localhost].[/] - Initializing Spring embedded WebApplicationContext
2025-10-09 11:07:23 INFO  [main] o.s.b.w.s.c.ServletWebServerApplicationContext - Root WebApplicationContext: initialization completed in 4392 ms
2025-10-09 11:07:23 INFO  [main] o.h.jpa.internal.util.LogHelper - HHH000204: Processing PersistenceUnitInfo [name: default]
2025-10-09 11:07:23 INFO  [main] org.hibernate.Version - HHH000412: Hibernate ORM core version 6.6.11.Final
2025-10-09 11:07:24 INFO  [main] o.h.c.i.RegionFactoryInitiator - HHH000026: Second-level cache disabled
2025-10-09 11:07:24 INFO  [main] o.s.o.j.p.SpringPersistenceUnitInfo - No LoadTimeWeaver setup: ignoring JPA class transformer
2025-10-09 11:07:24 INFO  [main] com.zaxxer.hikari.HikariDataSource - HikariPool-1 - Starting...
2025-10-09 11:07:24 INFO  [main] com.zaxxer.hikari.pool.HikariPool - HikariPool-1 - Added connection org.postgresql.jdbc.PgConnection@6f7241c2
2025-10-09 11:07:24 INFO  [main] com.zaxxer.hikari.HikariDataSource - HikariPool-1 - Start completed.
2025-10-09 11:07:25 WARN  [main] org.hibernate.orm.deprecation - HHH90000025: PostgreSQLDialect does not need to be specified explicitly using 'hibernate.dialect' (remove the property setting and it will be selected by default)
2025-10-09 11:07:25 INFO  [main] o.hibernate.orm.connections.pooling - HHH10001005: Database info:
	Database JDBC URL [Connecting through datasource 'HikariDataSource (HikariPool-1)']
	Database driver: undefined/unknown
	Database version: 17.4
	Autocommit mode: undefined/unknown
	Isolation level: undefined/unknown
	Minimum pool size: undefined/unknown
	Maximum pool size: undefined/unknown
2025-10-09 11:07:26 INFO  [main] o.h.e.t.j.p.i.JtaPlatformInitiator - HHH000489: No JTA platform available (set 'hibernate.transaction.jta.platform' to enable JTA platform integration)
2025-10-09 11:07:27 INFO  [main] o.s.o.j.LocalContainerEntityManagerFactoryBean - Initialized JPA EntityManagerFactory for persistence unit 'default'
2025-10-09 11:07:27 INFO  [main] o.s.d.j.r.query.QueryEnhancerFactory - Hibernate is in classpath; If applicable, HQL parser will be used.
2025-10-09 11:07:32 WARN  [main] o.s.b.a.o.j.JpaBaseConfiguration$JpaWebConfiguration - spring.jpa.open-in-view is enabled by default. Therefore, database queries may be performed during view rendering. Explicitly configure spring.jpa.open-in-view to disable this warning
2025-10-09 11:07:32 INFO  [main] o.s.s.c.a.a.c.InitializeAuthenticationProviderBeanManagerConfigurer$InitializeAuthenticationProviderManagerConfigurer - Global AuthenticationManager configured with AuthenticationProvider bean with name authenticationProvider
2025-10-09 11:07:32 WARN  [main] o.s.s.c.a.a.c.InitializeUserDetailsBeanManagerConfigurer$InitializeUserDetailsManagerConfigurer - Global AuthenticationManager configured with an AuthenticationProvider bean. UserDetailsService beans will not be used by Spring Security for automatically configuring username/password login. Consider removing the AuthenticationProvider bean. Alternatively, consider using the UserDetailsService in a manually instantiated DaoAuthenticationProvider. If the current configuration is intentional, to turn off this warning, increase the logging level of 'org.springframework.security.config.annotation.authentication.configuration.InitializeUserDetailsBeanManagerConfigurer' to ERROR
2025-10-09 11:07:33 INFO  [main] o.s.v.b.OptionalValidatorFactoryBean - Failed to set up a Bean Validation provider: jakarta.validation.NoProviderFoundException: Unable to create a Configuration, because no Jakarta Bean Validation provider could be found. Add a provider like Hibernate Validator (RI) to your classpath.
2025-10-09 11:07:35 INFO  [main] o.a.coyote.http11.Http11NioProtocol - Starting ProtocolHandler ["http-nio-8080"]
2025-10-09 11:07:35 INFO  [main] o.s.b.w.e.tomcat.TomcatWebServer - Tomcat started on port 8080 (http) with context path '/'
2025-10-09 11:07:35 INFO  [main] o.s.b.w.e.tomcat.TomcatWebServer - Tomcat initialized with port 8081 (http)
2025-10-09 11:07:35 INFO  [main] o.a.coyote.http11.Http11NioProtocol - Initializing ProtocolHandler ["http-nio-8081"]
2025-10-09 11:07:35 INFO  [main] o.a.catalina.core.StandardService - Starting service [Tomcat]
2025-10-09 11:07:35 INFO  [main] o.a.catalina.core.StandardEngine - Starting Servlet engine: [Apache Tomcat/10.1.39]
2025-10-09 11:07:35 INFO  [main] o.a.c.c.C.[Tomcat-1].[localhost].[/] - Initializing Spring embedded WebApplicationContext
2025-10-09 11:07:35 INFO  [main] o.s.b.w.s.c.ServletWebServerApplicationContext - Root WebApplicationContext: initialization completed in 196 ms
2025-10-09 11:07:35 INFO  [main] o.s.b.a.e.web.EndpointLinksResolver - Exposing 3 endpoints beneath base path '/actuator'
2025-10-09 11:07:35 INFO  [main] o.s.v.b.OptionalValidatorFactoryBean - Failed to set up a Bean Validation provider: jakarta.validation.NoProviderFoundException: Unable to create a Configuration, because no Jakarta Bean Validation provider could be found. Add a provider like Hibernate Validator (RI) to your classpath.
2025-10-09 11:07:35 INFO  [main] o.a.coyote.http11.Http11NioProtocol - Starting ProtocolHandler ["http-nio-8081"]
2025-10-09 11:07:35 INFO  [main] o.s.b.w.e.tomcat.TomcatWebServer - Tomcat started on port 8081 (http) with context path '/'
2025-10-09 11:07:35 INFO  [main] u.c.d.DigitalActiveApplication - Started DigitalActiveApplication in 17.376 seconds (process running for 18.35)
2025-10-09 11:07:42 INFO  [http-nio-8080-exec-1] o.a.c.c.C.[Tomcat].[localhost].[/] - Initializing Spring DispatcherServlet 'dispatcherServlet'
2025-10-09 11:07:42 INFO  [http-nio-8080-exec-1] o.s.web.servlet.DispatcherServlet - Initializing Servlet 'dispatcherServlet'
2025-10-09 11:07:42 INFO  [http-nio-8080-exec-1] o.s.web.servlet.DispatcherServlet - Completed initialization in 0 ms
2025-10-09 11:07:44 INFO  [http-nio-8080-exec-9] o.s.api.AbstractOpenApiResource - Init duration for springdoc-openapi is: 1075 ms
2025-11-15 07:08:59 INFO  [main] u.c.d.DigitalActiveApplication - Starting DigitalActiveApplication using Java 21.0.6 with PID 1564 (C:\Users\User\Desktop\java-intensive\DigitalActive\build\classes\java\main started by User in C:\Users\User\Desktop\java-intensive\DigitalActive)
2025-11-15 07:08:59 INFO  [main] u.c.d.DigitalActiveApplication - No active profile set, falling back to 1 default profile: "default"
2025-11-15 07:09:02 INFO  [main] o.s.d.r.c.RepositoryConfigurationDelegate - Bootstrapping Spring Data JPA repositories in DEFAULT mode.
2025-11-15 07:09:02 INFO  [main] o.s.d.r.c.RepositoryConfigurationDelegate - Finished Spring Data repository scanning in 232 ms. Found 6 JPA repository interfaces.
2025-11-15 07:09:03 INFO  [main] o.s.b.w.e.tomcat.TomcatWebServer - Tomcat initialized with port 8080 (http)
2025-11-15 07:09:03 INFO  [main] o.a.coyote.http11.Http11NioProtocol - Initializing ProtocolHandler ["http-nio-8080"]
2025-11-15 07:09:03 INFO  [main] o.a.catalina.core.StandardService - Starting service [Tomcat]
2025-11-15 07:09:03 INFO  [main] o.a.catalina.core.StandardEngine - Starting Servlet engine: [Apache Tomcat/10.1.39]
2025-11-15 07:09:03 INFO  [main] o.a.c.c.C.[Tomcat].[localhost].[/] - Initializing Spring embedded WebApplicationContext
2025-11-15 07:09:03 INFO  [main] o.s.b.w.s.c.ServletWebServerApplicationContext - Root WebApplicationContext: initialization completed in 3858 ms
2025-11-15 07:09:04 INFO  [main] o.h.jpa.internal.util.LogHelper - HHH000204: Processing PersistenceUnitInfo [name: default]
2025-11-15 07:09:04 INFO  [main] org.hibernate.Version - HHH000412: Hibernate ORM core version 6.6.11.Final
2025-11-15 07:09:04 INFO  [main] o.h.c.i.RegionFactoryInitiator - HHH000026: Second-level cache disabled
2025-11-15 07:09:04 INFO  [main] o.s.o.j.p.SpringPersistenceUnitInfo - No LoadTimeWeaver setup: ignoring JPA class transformer
2025-11-15 07:09:04 INFO  [main] com.zaxxer.hikari.HikariDataSource - HikariPool-1 - Starting...
2025-11-15 07:09:05 INFO  [main] com.zaxxer.hikari.pool.HikariPool - HikariPool-1 - Added connection org.postgresql.jdbc.PgConnection@1ff23bd1
2025-11-15 07:09:05 INFO  [main] com.zaxxer.hikari.HikariDataSource - HikariPool-1 - Start completed.
2025-11-15 07:09:05 WARN  [main] org.hibernate.orm.deprecation - HHH90000025: PostgreSQLDialect does not need to be specified explicitly using 'hibernate.dialect' (remove the property setting and it will be selected by default)
2025-11-15 07:09:05 INFO  [main] o.hibernate.orm.connections.pooling - HHH10001005: Database info:
	Database JDBC URL [Connecting through datasource 'HikariDataSource (HikariPool-1)']
	Database driver: undefined/unknown
	Database version: 17.4
	Autocommit mode: undefined/unknown
	Isolation level: undefined/unknown
	Minimum pool size: undefined/unknown
	Maximum pool size: undefined/unknown
2025-11-15 07:09:06 INFO  [main] o.h.e.t.j.p.i.JtaPlatformInitiator - HHH000489: No JTA platform available (set 'hibernate.transaction.jta.platform' to enable JTA platform integration)
2025-11-15 07:09:07 INFO  [main] o.s.o.j.LocalContainerEntityManagerFactoryBean - Initialized JPA EntityManagerFactory for persistence unit 'default'
2025-11-15 07:09:07 INFO  [main] o.s.d.j.r.query.QueryEnhancerFactory - Hibernate is in classpath; If applicable, HQL parser will be used.
2025-11-15 07:09:14 WARN  [main] o.s.b.w.s.c.AnnotationConfigServletWebServerApplicationContext - Exception encountered during context initialization - cancelling refresh attempt: org.springframework.beans.factory.BeanCreationException: Error creating bean with name 'telegramBotsApi' defined in class path resource [uz/company/digitalactive/bot/BotConfig.class]: Failed to instantiate [org.telegram.telegrambots.meta.TelegramBotsApi]: Factory method 'telegramBotsApi' threw exception with message: Error removing old webhook
2025-11-15 07:09:14 INFO  [main] o.s.o.j.LocalContainerEntityManagerFactoryBean - Closing JPA EntityManagerFactory for persistence unit 'default'
2025-11-15 07:09:14 INFO  [main] com.zaxxer.hikari.HikariDataSource - HikariPool-1 - Shutdown initiated...
2025-11-15 07:09:14 INFO  [main] com.zaxxer.hikari.HikariDataSource - HikariPool-1 - Shutdown completed.
2025-11-15 07:09:14 INFO  [main] o.a.catalina.core.StandardService - Stopping service [Tomcat]
2025-11-15 07:09:14 INFO  [main] o.s.b.a.l.ConditionEvaluationReportLogger - 

Error starting ApplicationContext. To display the condition evaluation report re-run your application with 'debug' enabled.
2025-11-15 07:09:14 ERROR [main] o.s.boot.SpringApplication - Application run failed
org.springframework.beans.factory.BeanCreationException: Error creating bean with name 'telegramBotsApi' defined in class path resource [uz/company/digitalactive/bot/BotConfig.class]: Failed to instantiate [org.telegram.telegrambots.meta.TelegramBotsApi]: Factory method 'telegramBotsApi' threw exception with message: Error removing old webhook
	at org.springframework.beans.factory.support.ConstructorResolver.instantiate(ConstructorResolver.java:657)
	at org.springframework.beans.factory.support.ConstructorResolver.instantiateUsingFactoryMethod(ConstructorResolver.java:645)
	at org.springframework.beans.factory.support.AbstractAutowireCapableBeanFactory.instantiateUsingFactoryMethod(AbstractAutowireCapableBeanFactory.java:1361)
	at org.springframework.beans.factory.support.AbstractAutowireCapableBeanFactory.createBeanInstance(AbstractAutowireCapableBeanFactory.java:1191)
	at org.springframework.beans.factory.support.AbstractAutowireCapableBeanFactory.doCreateBean(AbstractAutowireCapableBeanFactory.java:563)
	at org.springframework.beans.factory.support.AbstractAutowireCapableBeanFactory.createBean(AbstractAutowireCapableBeanFactory.java:523)
	at org.springframework.beans.factory.support.AbstractBeanFactory.lambda$doGetBean$0(AbstractBeanFactory.java:339)
	at org.springframework.beans.factory.support.DefaultSingletonBeanRegistry.getSingleton(DefaultSingletonBeanRegistry.java:347)
	at org.springframework.beans.factory.support.AbstractBeanFactory.doGetBean(AbstractBeanFactory.java:337)
	at org.springframework.beans.factory.support.AbstractBeanFactory.getBean(AbstractBeanFactory.java:202)
	at org.springframework.beans.factory.support.DefaultListableBeanFactory.instantiateSingleton(DefaultListableBeanFactory.java:1155)
	at org.springframework.beans.factory.support.DefaultListableBeanFactory.preInstantiateSingleton(DefaultListableBeanFactory.java:1121)
	at org.springframework.beans.factory.support.DefaultListableBeanFactory.preInstantiateSingletons(DefaultListableBeanFactory.java:1056)
	at org.springframework.context.support.AbstractApplicationContext.finishBeanFactoryInitialization(AbstractApplicationContext.java:987)
	at org.springframework.context.support.AbstractApplicationContext.refresh(AbstractApplicationContext.java:627)
	at org.springframework.boot.web.servlet.context.ServletWebServerApplicationContext.refresh(ServletWebServerApplicationContext.java:146)
	at org.springframework.boot.SpringApplication.refresh(SpringApplication.java:752)
	at org.springframework.boot.SpringApplication.refreshContext(SpringApplication.java:439)
	at org.springframework.boot.SpringApplication.run(SpringApplication.java:318)
	at org.springframework.boot.SpringApplication.run(SpringApplication.java:1361)
	at org.springframework.boot.SpringApplication.run(SpringApplication.java:1350)
	at uz.company.digitalactive.DigitalActiveApplication.main(DigitalActiveApplication.java:14)
Caused by: org.springframework.beans.BeanInstantiationException: Failed to instantiate [org.telegram.telegrambots.meta.TelegramBotsApi]: Factory method 'telegramBotsApi' threw exception with message: Error removing old webhook
	at org.springframework.beans.factory.support.SimpleInstantiationStrategy.lambda$instantiate$0(SimpleInstantiationStrategy.java:199)
	at org.springframework.beans.factory.support.SimpleInstantiationStrategy.instantiateWithFactoryMethod(SimpleInstantiationStrategy.java:88)
	at org.springframework.beans.factory.support.SimpleInstantiationStrategy.instantiate(SimpleInstantiationStrategy.java:168)
	at org.springframework.beans.factory.support.ConstructorResolver.instantiate(ConstructorResolver.java:653)
	... 21 common frames omitted
Caused by: org.telegram.telegrambots.meta.exceptions.TelegramApiRequestException: Error removing old webhook
	at org.telegram.telegrambots.util.WebhookUtils.clearWebhook(WebhookUtils.java:113)
	at org.telegram.telegrambots.bots.TelegramLongPollingBot.clearWebhook(TelegramLongPollingBot.java:41)
	at org.telegram.telegrambots.meta.TelegramBotsApi.registerBot(TelegramBotsApi.java:65)
	at uz.company.digitalactive.bot.BotConfig.telegramBotsApi(BotConfig.java:16)
	at uz.company.digitalactive.bot.BotConfig$$SpringCGLIB$$0.CGLIB$telegramBotsApi$1(<generated>)
	at uz.company.digitalactive.bot.BotConfig$$SpringCGLIB$$FastClass$$1.invoke(<generated>)
	at org.springframework.cglib.proxy.MethodProxy.invokeSuper(MethodProxy.java:258)
	at org.springframework.context.annotation.ConfigurationClassEnhancer$BeanMethodInterceptor.intercept(ConfigurationClassEnhancer.java:370)
	at uz.company.digitalactive.bot.BotConfig$$SpringCGLIB$$0.telegramBotsApi(<generated>)
	at java.base/jdk.internal.reflect.DirectMethodHandleAccessor.invoke(DirectMethodHandleAccessor.java:103)
	at java.base/java.lang.reflect.Method.invoke(Method.java:580)
	at org.springframework.beans.factory.support.SimpleInstantiationStrategy.lambda$instantiate$0(SimpleInstantiationStrategy.java:171)
	... 24 common frames omitted
Caused by: org.telegram.telegrambots.meta.exceptions.TelegramApiRequestException: Error executing org.telegram.telegrambots.meta.api.methods.updates.DeleteWebhook query: [401] Unauthorized
	at org.telegram.telegrambots.meta.api.methods.PartialBotApiMethod.deserializeResponseInternal(PartialBotApiMethod.java:54)
	at org.telegram.telegrambots.meta.api.methods.PartialBotApiMethod.deserializeResponse(PartialBotApiMethod.java:34)
	at org.telegram.telegrambots.meta.api.methods.botapimethods.BotApiMethodBoolean.deserializeResponse(BotApiMethodBoolean.java:19)
	at org.telegram.telegrambots.meta.api.methods.botapimethods.BotApiMethodBoolean.deserializeResponse(BotApiMethodBoolean.java:14)
	at org.telegram.telegrambots.bots.DefaultAbsSender.sendApiMethod(DefaultAbsSender.java:1182)
	at org.telegram.telegrambots.meta.bots.AbsSender.execute(AbsSender.java:61)
	at org.telegram.telegrambots.util.WebhookUtils.clearWebhook(WebhookUtils.java:108)
	... 35 common frames omitted
2025-11-15 07:10:54 INFO  [main] u.c.d.DigitalActiveApplication - Starting DigitalActiveApplication using Java 21.0.6 with PID 14044 (C:\Users\User\Desktop\java-intensive\DigitalActive\build\classes\java\main started by User in C:\Users\User\Desktop\java-intensive\DigitalActive)
2025-11-15 07:10:54 INFO  [main] u.c.d.DigitalActiveApplication - No active profile set, falling back to 1 default profile: "default"
2025-11-15 07:10:56 INFO  [main] o.s.d.r.c.RepositoryConfigurationDelegate - Bootstrapping Spring Data JPA repositories in DEFAULT mode.
2025-11-15 07:10:56 INFO  [main] o.s.d.r.c.RepositoryConfigurationDelegate - Finished Spring Data repository scanning in 216 ms. Found 6 JPA repository interfaces.
2025-11-15 07:10:58 INFO  [main] o.s.b.w.e.tomcat.TomcatWebServer - Tomcat initialized with port 8080 (http)
2025-11-15 07:10:58 INFO  [main] o.a.coyote.http11.Http11NioProtocol - Initializing ProtocolHandler ["http-nio-8080"]
2025-11-15 07:10:58 INFO  [main] o.a.catalina.core.StandardService - Starting service [Tomcat]
2025-11-15 07:10:58 INFO  [main] o.a.catalina.core.StandardEngine - Starting Servlet engine: [Apache Tomcat/10.1.39]
2025-11-15 07:10:58 INFO  [main] o.a.c.c.C.[Tomcat].[localhost].[/] - Initializing Spring embedded WebApplicationContext
2025-11-15 07:10:58 INFO  [main] o.s.b.w.s.c.ServletWebServerApplicationContext - Root WebApplicationContext: initialization completed in 3645 ms
2025-11-15 07:10:59 INFO  [main] o.h.jpa.internal.util.LogHelper - HHH000204: Processing PersistenceUnitInfo [name: default]
2025-11-15 07:10:59 INFO  [main] org.hibernate.Version - HHH000412: Hibernate ORM core version 6.6.11.Final
2025-11-15 07:10:59 INFO  [main] o.h.c.i.RegionFactoryInitiator - HHH000026: Second-level cache disabled
2025-11-15 07:11:00 INFO  [main] o.s.o.j.p.SpringPersistenceUnitInfo - No LoadTimeWeaver setup: ignoring JPA class transformer
2025-11-15 07:11:00 INFO  [main] com.zaxxer.hikari.HikariDataSource - HikariPool-1 - Starting...
2025-11-15 07:11:00 INFO  [main] com.zaxxer.hikari.pool.HikariPool - HikariPool-1 - Added connection org.postgresql.jdbc.PgConnection@406808eb
2025-11-15 07:11:00 INFO  [main] com.zaxxer.hikari.HikariDataSource - HikariPool-1 - Start completed.
2025-11-15 07:11:00 WARN  [main] org.hibernate.orm.deprecation - HHH90000025: PostgreSQLDialect does not need to be specified explicitly using 'hibernate.dialect' (remove the property setting and it will be selected by default)
2025-11-15 07:11:00 INFO  [main] o.hibernate.orm.connections.pooling - HHH10001005: Database info:
	Database JDBC URL [Connecting through datasource 'HikariDataSource (HikariPool-1)']
	Database driver: undefined/unknown
	Database version: 17.4
	Autocommit mode: undefined/unknown
	Isolation level: undefined/unknown
	Minimum pool size: undefined/unknown
	Maximum pool size: undefined/unknown
2025-11-15 07:11:02 INFO  [main] o.h.e.t.j.p.i.JtaPlatformInitiator - HHH000489: No JTA platform available (set 'hibernate.transaction.jta.platform' to enable JTA platform integration)
2025-11-15 07:11:02 INFO  [main] o.s.o.j.LocalContainerEntityManagerFactoryBean - Initialized JPA EntityManagerFactory for persistence unit 'default'
2025-11-15 07:11:03 INFO  [main] o.s.d.j.r.query.QueryEnhancerFactory - Hibernate is in classpath; If applicable, HQL parser will be used.
2025-11-15 07:11:10 WARN  [main] o.s.b.a.o.j.JpaBaseConfiguration$JpaWebConfiguration - spring.jpa.open-in-view is enabled by default. Therefore, database queries may be performed during view rendering. Explicitly configure spring.jpa.open-in-view to disable this warning
2025-11-15 07:11:10 INFO  [main] o.s.s.c.a.a.c.InitializeAuthenticationProviderBeanManagerConfigurer$InitializeAuthenticationProviderManagerConfigurer - Global AuthenticationManager configured with AuthenticationProvider bean with name authenticationProvider
2025-11-15 07:11:10 WARN  [main] o.s.s.c.a.a.c.InitializeUserDetailsBeanManagerConfigurer$InitializeUserDetailsManagerConfigurer - Global AuthenticationManager configured with an AuthenticationProvider bean. UserDetailsService beans will not be used by Spring Security for automatically configuring username/password login. Consider removing the AuthenticationProvider bean. Alternatively, consider using the UserDetailsService in a manually instantiated DaoAuthenticationProvider. If the current configuration is intentional, to turn off this warning, increase the logging level of 'org.springframework.security.config.annotation.authentication.configuration.InitializeUserDetailsBeanManagerConfigurer' to ERROR
2025-11-15 07:11:11 INFO  [main] o.s.v.b.OptionalValidatorFactoryBean - Failed to set up a Bean Validation provider: jakarta.validation.NoProviderFoundException: Unable to create a Configuration, because no Jakarta Bean Validation provider could be found. Add a provider like Hibernate Validator (RI) to your classpath.
2025-11-15 07:11:12 INFO  [main] o.a.coyote.http11.Http11NioProtocol - Starting ProtocolHandler ["http-nio-8080"]
2025-11-15 07:11:12 INFO  [main] o.s.b.w.e.tomcat.TomcatWebServer - Tomcat started on port 8080 (http) with context path '/'
2025-11-15 07:11:12 INFO  [main] o.s.b.w.e.tomcat.TomcatWebServer - Tomcat initialized with port 8081 (http)
2025-11-15 07:11:12 INFO  [main] o.a.coyote.http11.Http11NioProtocol - Initializing ProtocolHandler ["http-nio-8081"]
2025-11-15 07:11:12 INFO  [main] o.a.catalina.core.StandardService - Starting service [Tomcat]
2025-11-15 07:11:12 INFO  [main] o.a.catalina.core.StandardEngine - Starting Servlet engine: [Apache Tomcat/10.1.39]
2025-11-15 07:11:13 INFO  [main] o.a.c.c.C.[Tomcat-1].[localhost].[/] - Initializing Spring embedded WebApplicationContext
2025-11-15 07:11:13 INFO  [main] o.s.b.w.s.c.ServletWebServerApplicationContext - Root WebApplicationContext: initialization completed in 158 ms
2025-11-15 07:11:13 INFO  [main] o.s.b.a.e.web.EndpointLinksResolver - Exposing 3 endpoints beneath base path '/actuator'
2025-11-15 07:11:13 INFO  [main] o.s.v.b.OptionalValidatorFactoryBean - Failed to set up a Bean Validation provider: jakarta.validation.NoProviderFoundException: Unable to create a Configuration, because no Jakarta Bean Validation provider could be found. Add a provider like Hibernate Validator (RI) to your classpath.
2025-11-15 07:11:13 INFO  [main] o.a.coyote.http11.Http11NioProtocol - Starting ProtocolHandler ["http-nio-8081"]
2025-11-15 07:11:13 INFO  [main] o.s.b.w.e.tomcat.TomcatWebServer - Tomcat started on port 8081 (http) with context path '/'
2025-11-15 07:11:13 INFO  [main] u.c.d.DigitalActiveApplication - Started DigitalActiveApplication in 19.326 seconds (process running for 19.979)
2025-11-15 07:11:38 INFO  [http-nio-8080-exec-1] o.a.c.c.C.[Tomcat].[localhost].[/] - Initializing Spring DispatcherServlet 'dispatcherServlet'
2025-11-15 07:11:38 INFO  [http-nio-8080-exec-1] o.s.web.servlet.DispatcherServlet - Initializing Servlet 'dispatcherServlet'
2025-11-15 07:11:38 INFO  [http-nio-8080-exec-1] o.s.web.servlet.DispatcherServlet - Completed initialization in 1 ms
2025-11-15 07:11:39 INFO  [http-nio-8080-exec-9] o.s.api.AbstractOpenApiResource - Init duration for springdoc-openapi is: 1100 ms
2026-03-03 17:20:08 INFO  [main] u.c.d.DigitalActiveApplication - Starting DigitalActiveApplication using Java 21.0.6 with PID 14784 (C:\Users\User\Desktop\java-intensive\DigitalActive\build\classes\java\main started by User in C:\Users\User\Desktop\java-intensive\DigitalActive)
2026-03-03 17:20:08 INFO  [main] u.c.d.DigitalActiveApplication - No active profile set, falling back to 1 default profile: "default"
2026-03-03 17:20:10 INFO  [main] o.s.d.r.c.RepositoryConfigurationDelegate - Bootstrapping Spring Data JPA repositories in DEFAULT mode.
2026-03-03 17:20:10 INFO  [main] o.s.d.r.c.RepositoryConfigurationDelegate - Finished Spring Data repository scanning in 203 ms. Found 6 JPA repository interfaces.
2026-03-03 17:20:12 INFO  [main] o.s.b.w.e.tomcat.TomcatWebServer - Tomcat initialized with port 8080 (http)
2026-03-03 17:20:12 INFO  [main] o.a.coyote.http11.Http11NioProtocol - Initializing ProtocolHandler ["http-nio-8080"]
2026-03-03 17:20:12 INFO  [main] o.a.catalina.core.StandardService - Starting service [Tomcat]
2026-03-03 17:20:12 INFO  [main] o.a.catalina.core.StandardEngine - Starting Servlet engine: [Apache Tomcat/10.1.39]
2026-03-03 17:20:12 INFO  [main] o.a.c.c.C.[Tomcat].[localhost].[/] - Initializing Spring embedded WebApplicationContext
2026-03-03 17:20:12 INFO  [main] o.s.b.w.s.c.ServletWebServerApplicationContext - Root WebApplicationContext: initialization completed in 3788 ms
2026-03-03 17:20:13 INFO  [main] o.h.jpa.internal.util.LogHelper - HHH000204: Processing PersistenceUnitInfo [name: default]
2026-03-03 17:20:13 INFO  [main] org.hibernate.Version - HHH000412: Hibernate ORM core version 6.6.11.Final
2026-03-03 17:20:13 INFO  [main] o.h.c.i.RegionFactoryInitiator - HHH000026: Second-level cache disabled
2026-03-03 17:20:13 INFO  [main] o.s.o.j.p.SpringPersistenceUnitInfo - No LoadTimeWeaver setup: ignoring JPA class transformer
2026-03-03 17:20:13 INFO  [main] com.zaxxer.hikari.HikariDataSource - HikariPool-1 - Starting...
2026-03-03 17:20:14 INFO  [main] com.zaxxer.hikari.pool.HikariPool - HikariPool-1 - Added connection org.postgresql.jdbc.PgConnection@6f7241c2
2026-03-03 17:20:14 INFO  [main] com.zaxxer.hikari.HikariDataSource - HikariPool-1 - Start completed.
2026-03-03 17:20:14 WARN  [main] org.hibernate.orm.deprecation - HHH90000025: PostgreSQLDialect does not need to be specified explicitly using 'hibernate.dialect' (remove the property setting and it will be selected by default)
2026-03-03 17:20:14 INFO  [main] o.hibernate.orm.connections.pooling - HHH10001005: Database info:
	Database JDBC URL [Connecting through datasource 'HikariDataSource (HikariPool-1)']
	Database driver: undefined/unknown
	Database version: 17.4
	Autocommit mode: undefined/unknown
	Isolation level: undefined/unknown
	Minimum pool size: undefined/unknown
	Maximum pool size: undefined/unknown
2026-03-03 17:20:15 INFO  [main] o.h.e.t.j.p.i.JtaPlatformInitiator - HHH000489: No JTA platform available (set 'hibernate.transaction.jta.platform' to enable JTA platform integration)
2026-03-03 17:20:16 INFO  [main] o.s.o.j.LocalContainerEntityManagerFactoryBean - Initialized JPA EntityManagerFactory for persistence unit 'default'
2026-03-03 17:20:16 INFO  [main] o.s.d.j.r.query.QueryEnhancerFactory - Hibernate is in classpath; If applicable, HQL parser will be used.
2026-03-03 17:20:20 WARN  [main] o.s.b.a.o.j.JpaBaseConfiguration$JpaWebConfiguration - spring.jpa.open-in-view is enabled by default. Therefore, database queries may be performed during view rendering. Explicitly configure spring.jpa.open-in-view to disable this warning
2026-03-03 17:20:20 INFO  [main] o.s.s.c.a.a.c.InitializeAuthenticationProviderBeanManagerConfigurer$InitializeAuthenticationProviderManagerConfigurer - Global AuthenticationManager configured with AuthenticationProvider bean with name authenticationProvider
2026-03-03 17:20:20 WARN  [main] o.s.s.c.a.a.c.InitializeUserDetailsBeanManagerConfigurer$InitializeUserDetailsManagerConfigurer - Global AuthenticationManager configured with an AuthenticationProvider bean. UserDetailsService beans will not be used by Spring Security for automatically configuring username/password login. Consider removing the AuthenticationProvider bean. Alternatively, consider using the UserDetailsService in a manually instantiated DaoAuthenticationProvider. If the current configuration is intentional, to turn off this warning, increase the logging level of 'org.springframework.security.config.annotation.authentication.configuration.InitializeUserDetailsBeanManagerConfigurer' to ERROR
2026-03-03 17:20:21 INFO  [main] o.s.v.b.OptionalValidatorFactoryBean - Failed to set up a Bean Validation provider: jakarta.validation.NoProviderFoundException: Unable to create a Configuration, because no Jakarta Bean Validation provider could be found. Add a provider like Hibernate Validator (RI) to your classpath.
2026-03-03 17:20:22 INFO  [main] o.a.coyote.http11.Http11NioProtocol - Starting ProtocolHandler ["http-nio-8080"]
2026-03-03 17:20:22 INFO  [main] o.s.b.w.e.tomcat.TomcatWebServer - Tomcat started on port 8080 (http) with context path '/'
2026-03-03 17:20:22 INFO  [main] o.s.b.w.e.tomcat.TomcatWebServer - Tomcat initialized with port 8081 (http)
2026-03-03 17:20:22 INFO  [main] o.a.coyote.http11.Http11NioProtocol - Initializing ProtocolHandler ["http-nio-8081"]
2026-03-03 17:20:22 INFO  [main] o.a.catalina.core.StandardService - Starting service [Tomcat]
2026-03-03 17:20:22 INFO  [main] o.a.catalina.core.StandardEngine - Starting Servlet engine: [Apache Tomcat/10.1.39]
2026-03-03 17:20:22 INFO  [main] o.a.c.c.C.[Tomcat-1].[localhost].[/] - Initializing Spring embedded WebApplicationContext
2026-03-03 17:20:22 INFO  [main] o.s.b.w.s.c.ServletWebServerApplicationContext - Root WebApplicationContext: initialization completed in 324 ms
2026-03-03 17:20:23 INFO  [main] o.s.b.a.e.web.EndpointLinksResolver - Exposing 3 endpoints beneath base path '/actuator'
2026-03-03 17:20:23 INFO  [main] o.s.v.b.OptionalValidatorFactoryBean - Failed to set up a Bean Validation provider: jakarta.validation.NoProviderFoundException: Unable to create a Configuration, because no Jakarta Bean Validation provider could be found. Add a provider like Hibernate Validator (RI) to your classpath.
2026-03-03 17:20:23 INFO  [main] o.a.coyote.http11.Http11NioProtocol - Starting ProtocolHandler ["http-nio-8081"]
2026-03-03 17:20:23 INFO  [main] o.s.b.w.e.tomcat.TomcatWebServer - Tomcat started on port 8081 (http) with context path '/'
2026-03-03 17:20:23 INFO  [main] u.c.d.DigitalActiveApplication - Started DigitalActiveApplication in 15.148 seconds (process running for 15.893)
2026-03-03 17:20:34 INFO  [http-nio-8080-exec-2] o.a.c.c.C.[Tomcat].[localhost].[/] - Initializing Spring DispatcherServlet 'dispatcherServlet'
2026-03-03 17:20:34 INFO  [http-nio-8080-exec-2] o.s.web.servlet.DispatcherServlet - Initializing Servlet 'dispatcherServlet'
2026-03-03 17:20:34 INFO  [http-nio-8080-exec-2] o.s.web.servlet.DispatcherServlet - Completed initialization in 3 ms
2026-03-03 17:20:35 INFO  [http-nio-8080-exec-7] o.s.api.AbstractOpenApiResource - Init duration for springdoc-openapi is: 917 ms
2026-03-06 21:48:06 INFO  [main] u.c.d.DigitalActiveApplication - Starting DigitalActiveApplication using Java 21.0.6 with PID 14668 (C:\Users\User\Desktop\java-intensive\DigitalActive\build\classes\java\main started by User in C:\Users\User\Desktop\java-intensive\DigitalActive)
2026-03-06 21:48:06 INFO  [main] u.c.d.DigitalActiveApplication - No active profile set, falling back to 1 default profile: "default"
2026-03-06 21:48:08 INFO  [main] o.s.d.r.c.RepositoryConfigurationDelegate - Bootstrapping Spring Data JPA repositories in DEFAULT mode.
2026-03-06 21:48:08 INFO  [main] o.s.d.r.c.RepositoryConfigurationDelegate - Finished Spring Data repository scanning in 209 ms. Found 6 JPA repository interfaces.
2026-03-06 21:48:10 INFO  [main] o.s.b.w.e.tomcat.TomcatWebServer - Tomcat initialized with port 8080 (http)
2026-03-06 21:48:10 INFO  [main] o.a.coyote.http11.Http11NioProtocol - Initializing ProtocolHandler ["http-nio-8080"]
2026-03-06 21:48:10 INFO  [main] o.a.catalina.core.StandardService - Starting service [Tomcat]
2026-03-06 21:48:10 INFO  [main] o.a.catalina.core.StandardEngine - Starting Servlet engine: [Apache Tomcat/10.1.39]
2026-03-06 21:48:10 INFO  [main] o.a.c.c.C.[Tomcat].[localhost].[/] - Initializing Spring embedded WebApplicationContext
2026-03-06 21:48:10 INFO  [main] o.s.b.w.s.c.ServletWebServerApplicationContext - Root WebApplicationContext: initialization completed in 3243 ms
2026-03-06 21:48:10 INFO  [main] o.h.jpa.internal.util.LogHelper - HHH000204: Processing PersistenceUnitInfo [name: default]
2026-03-06 21:48:10 INFO  [main] org.hibernate.Version - HHH000412: Hibernate ORM core version 6.6.11.Final
2026-03-06 21:48:10 INFO  [main] o.h.c.i.RegionFactoryInitiator - HHH000026: Second-level cache disabled
2026-03-06 21:48:11 INFO  [main] o.s.o.j.p.SpringPersistenceUnitInfo - No LoadTimeWeaver setup: ignoring JPA class transformer
2026-03-06 21:48:11 INFO  [main] com.zaxxer.hikari.HikariDataSource - HikariPool-1 - Starting...
2026-03-06 21:48:11 INFO  [main] com.zaxxer.hikari.pool.HikariPool - HikariPool-1 - Added connection org.postgresql.jdbc.PgConnection@1ff23bd1
2026-03-06 21:48:11 INFO  [main] com.zaxxer.hikari.HikariDataSource - HikariPool-1 - Start completed.
2026-03-06 21:48:11 WARN  [main] org.hibernate.orm.deprecation - HHH90000025: PostgreSQLDialect does not need to be specified explicitly using 'hibernate.dialect' (remove the property setting and it will be selected by default)
2026-03-06 21:48:11 INFO  [main] o.hibernate.orm.connections.pooling - HHH10001005: Database info:
	Database JDBC URL [Connecting through datasource 'HikariDataSource (HikariPool-1)']
	Database driver: undefined/unknown
	Database version: 17.4
	Autocommit mode: undefined/unknown
	Isolation level: undefined/unknown
	Minimum pool size: undefined/unknown
	Maximum pool size: undefined/unknown
2026-03-06 21:48:13 INFO  [main] o.h.e.t.j.p.i.JtaPlatformInitiator - HHH000489: No JTA platform available (set 'hibernate.transaction.jta.platform' to enable JTA platform integration)
2026-03-06 21:48:13 INFO  [main] o.s.o.j.LocalContainerEntityManagerFactoryBean - Initialized JPA EntityManagerFactory for persistence unit 'default'
2026-03-06 21:48:14 INFO  [main] o.s.d.j.r.query.QueryEnhancerFactory - Hibernate is in classpath; If applicable, HQL parser will be used.
2026-03-06 21:48:17 WARN  [main] o.s.b.a.o.j.JpaBaseConfiguration$JpaWebConfiguration - spring.jpa.open-in-view is enabled by default. Therefore, database queries may be performed during view rendering. Explicitly configure spring.jpa.open-in-view to disable this warning
2026-03-06 21:48:17 INFO  [main] o.s.s.c.a.a.c.InitializeAuthenticationProviderBeanManagerConfigurer$InitializeAuthenticationProviderManagerConfigurer - Global AuthenticationManager configured with AuthenticationProvider bean with name authenticationProvider
2026-03-06 21:48:17 WARN  [main] o.s.s.c.a.a.c.InitializeUserDetailsBeanManagerConfigurer$InitializeUserDetailsManagerConfigurer - Global AuthenticationManager configured with an AuthenticationProvider bean. UserDetailsService beans will not be used by Spring Security for automatically configuring username/password login. Consider removing the AuthenticationProvider bean. Alternatively, consider using the UserDetailsService in a manually instantiated DaoAuthenticationProvider. If the current configuration is intentional, to turn off this warning, increase the logging level of 'org.springframework.security.config.annotation.authentication.configuration.InitializeUserDetailsBeanManagerConfigurer' to ERROR
2026-03-06 21:48:18 INFO  [main] o.s.v.b.OptionalValidatorFactoryBean - Failed to set up a Bean Validation provider: jakarta.validation.NoProviderFoundException: Unable to create a Configuration, because no Jakarta Bean Validation provider could be found. Add a provider like Hibernate Validator (RI) to your classpath.
2026-03-06 21:48:19 INFO  [main] o.a.coyote.http11.Http11NioProtocol - Starting ProtocolHandler ["http-nio-8080"]
2026-03-06 21:48:19 INFO  [main] o.s.b.w.e.tomcat.TomcatWebServer - Tomcat started on port 8080 (http) with context path '/'
2026-03-06 21:48:19 INFO  [main] o.s.b.w.e.tomcat.TomcatWebServer - Tomcat initialized with port 8081 (http)
2026-03-06 21:48:19 INFO  [main] o.a.coyote.http11.Http11NioProtocol - Initializing ProtocolHandler ["http-nio-8081"]
2026-03-06 21:48:19 INFO  [main] o.a.catalina.core.StandardService - Starting service [Tomcat]
2026-03-06 21:48:19 INFO  [main] o.a.catalina.core.StandardEngine - Starting Servlet engine: [Apache Tomcat/10.1.39]
2026-03-06 21:48:19 INFO  [main] o.a.c.c.C.[Tomcat-1].[localhost].[/] - Initializing Spring embedded WebApplicationContext
2026-03-06 21:48:19 INFO  [main] o.s.b.w.s.c.ServletWebServerApplicationContext - Root WebApplicationContext: initialization completed in 188 ms
2026-03-06 21:48:19 INFO  [main] o.s.b.a.e.web.EndpointLinksResolver - Exposing 3 endpoints beneath base path '/actuator'
2026-03-06 21:48:19 INFO  [main] o.s.v.b.OptionalValidatorFactoryBean - Failed to set up a Bean Validation provider: jakarta.validation.NoProviderFoundException: Unable to create a Configuration, because no Jakarta Bean Validation provider could be found. Add a provider like Hibernate Validator (RI) to your classpath.
2026-03-06 21:48:19 INFO  [main] o.a.coyote.http11.Http11NioProtocol - Starting ProtocolHandler ["http-nio-8081"]
2026-03-06 21:48:19 INFO  [main] o.s.b.w.e.tomcat.TomcatWebServer - Tomcat started on port 8081 (http) with context path '/'
2026-03-06 21:48:19 INFO  [main] u.c.d.DigitalActiveApplication - Started DigitalActiveApplication in 13.147 seconds (process running for 13.936)
2026-03-06 21:48:39 INFO  [http-nio-8080-exec-1] o.a.c.c.C.[Tomcat].[localhost].[/] - Initializing Spring DispatcherServlet 'dispatcherServlet'
2026-03-06 21:48:39 INFO  [http-nio-8080-exec-1] o.s.web.servlet.DispatcherServlet - Initializing Servlet 'dispatcherServlet'
2026-03-06 21:48:39 INFO  [http-nio-8080-exec-1] o.s.web.servlet.DispatcherServlet - Completed initialization in 1 ms
2026-03-06 21:48:40 INFO  [http-nio-8080-exec-6] o.s.api.AbstractOpenApiResource - Init duration for springdoc-openapi is: 969 ms
2026-03-06 21:49:21 ERROR [http-nio-8080-exec-9] u.c.d.e.h.GlobalExceptionHandler - Failed to request [uri=/api/auth/v1/login] path. Error:
uz.company.digitalactive.exception.UnauthorizedException: invalid credentials
	at uz.company.digitalactive.service.auth.AuthTokenService.lambda$generateToken$1(AuthTokenService.java:55)
	at java.base/java.util.Optional.orElseThrow(Optional.java:403)
	at uz.company.digitalactive.service.auth.AuthTokenService.generateToken(AuthTokenService.java:55)
	at uz.company.digitalactive.controller.AuthController.login(AuthController.java:43)
	at java.base/jdk.internal.reflect.DirectMethodHandleAccessor.invoke(DirectMethodHandleAccessor.java:103)
	at java.base/java.lang.reflect.Method.invoke(Method.java:580)
	at org.springframework.web.method.support.InvocableHandlerMethod.doInvoke(InvocableHandlerMethod.java:258)
	at org.springframework.web.method.support.InvocableHandlerMethod.invokeForRequest(InvocableHandlerMethod.java:191)
	at org.springframework.web.servlet.mvc.method.annotation.ServletInvocableHandlerMethod.invokeAndHandle(ServletInvocableHandlerMethod.java:118)
	at org.springframework.web.servlet.mvc.method.annotation.RequestMappingHandlerAdapter.invokeHandlerMethod(RequestMappingHandlerAdapter.java:986)
	at org.springframework.web.servlet.mvc.method.annotation.RequestMappingHandlerAdapter.handleInternal(RequestMappingHandlerAdapter.java:891)
	at org.springframework.web.servlet.mvc.method.AbstractHandlerMethodAdapter.handle(AbstractHandlerMethodAdapter.java:87)
	at org.springframework.web.servlet.DispatcherServlet.doDispatch(DispatcherServlet.java:1089)
	at org.springframework.web.servlet.DispatcherServlet.doService(DispatcherServlet.java:979)
	at org.springframework.web.servlet.FrameworkServlet.processRequest(FrameworkServlet.java:1014)
	at org.springframework.web.servlet.FrameworkServlet.doPost(FrameworkServlet.java:914)
	at jakarta.servlet.http.HttpServlet.service(HttpServlet.java:590)
	at org.springframework.web.servlet.FrameworkServlet.service(FrameworkServlet.java:885)
	at jakarta.servlet.http.HttpServlet.service(HttpServlet.java:658)
	at org.apache.catalina.core.ApplicationFilterChain.internalDoFilter(ApplicationFilterChain.java:195)
	at org.apache.catalina.core.ApplicationFilterChain.doFilter(ApplicationFilterChain.java:140)
	at org.apache.tomcat.websocket.server.WsFilter.doFilter(WsFilter.java:51)
	at org.apache.catalina.core.ApplicationFilterChain.internalDoFilter(ApplicationFilterChain.java:164)
	at org.apache.catalina.core.ApplicationFilterChain.doFilter(ApplicationFilterChain.java:140)
	at org.springframework.web.filter.OncePerRequestFilter.doFilter(OncePerRequestFilter.java:110)
	at org.apache.catalina.core.ApplicationFilterChain.internalDoFilter(ApplicationFilterChain.java:164)
	at org.apache.catalina.core.ApplicationFilterChain.doFilter(ApplicationFilterChain.java:140)
	at org.springframework.web.filter.CompositeFilter$VirtualFilterChain.doFilter(CompositeFilter.java:108)
	at org.springframework.security.web.FilterChainProxy.lambda$doFilterInternal$3(FilterChainProxy.java:231)
	at org.springframework.security.web.ObservationFilterChainDecorator$FilterObservation$SimpleFilterObservation.lambda$wrap$1(ObservationFilterChainDecorator.java:479)
	at org.springframework.security.web.ObservationFilterChainDecorator$AroundFilterObservation$SimpleAroundFilterObservation.lambda$wrap$1(ObservationFilterChainDecorator.java:340)
	at org.springframework.security.web.ObservationFilterChainDecorator.lambda$wrapSecured$0(ObservationFilterChainDecorator.java:82)
	at org.springframework.security.web.ObservationFilterChainDecorator$VirtualFilterChain.doFilter(ObservationFilterChainDecorator.java:128)
	at org.springframework.security.web.access.intercept.AuthorizationFilter.doFilter(AuthorizationFilter.java:101)
	at org.springframework.security.web.ObservationFilterChainDecorator$ObservationFilter.wrapFilter(ObservationFilterChainDecorator.java:240)
	at org.springframework.security.web.ObservationFilterChainDecorator$ObservationFilter.doFilter(ObservationFilterChainDecorator.java:227)
	at org.springframework.security.web.ObservationFilterChainDecorator$VirtualFilterChain.doFilter(ObservationFilterChainDecorator.java:137)
	at org.springframework.security.web.access.ExceptionTranslationFilter.doFilter(ExceptionTranslationFilter.java:126)
	at org.springframework.security.web.access.ExceptionTranslationFilter.doFilter(ExceptionTranslationFilter.java:120)
	at org.springframework.security.web.ObservationFilterChainDecorator$ObservationFilter.wrapFilter(ObservationFilterChainDecorator.java:240)
	at org.springframework.security.web.ObservationFilterChainDecorator$ObservationFilter.doFilter(ObservationFilterChainDecorator.java:227)
	at org.springframework.security.web.ObservationFilterChainDecorator$VirtualFilterChain.doFilter(ObservationFilterChainDecorator.java:137)
	at org.springframework.security.web.session.SessionManagementFilter.doFilter(SessionManagementFilter.java:131)
	at org.springframework.security.web.session.SessionManagementFilter.doFilter(SessionManagementFilter.java:85)
	at org.springframework.security.web.ObservationFilterChainDecorator$ObservationFilter.wrapFilter(ObservationFilterChainDecorator.java:240)
	at org.springframework.security.web.ObservationFilterChainDecorator$ObservationFilter.doFilter(ObservationFilterChainDecorator.java:227)
	at org.springframework.security.web.ObservationFilterChainDecorator$VirtualFilterChain.doFilter(ObservationFilterChainDecorator.java:137)
	at org.springframework.security.web.servletapi.SecurityContextHolderAwareRequestFilter.doFilter(SecurityContextHolderAwareRequestFilter.java:179)
	at org.springframework.security.web.ObservationFilterChainDecorator$ObservationFilter.wrapFilter(ObservationFilterChainDecorator.java:240)
	at org.springframework.security.web.ObservationFilterChainDecorator$ObservationFilter.doFilter(ObservationFilterChainDecorator.java:227)
	at org.springframework.security.web.ObservationFilterChainDecorator$VirtualFilterChain.doFilter(ObservationFilterChainDecorator.java:137)
	at org.springframework.security.web.savedrequest.RequestCacheAwareFilter.doFilter(RequestCacheAwareFilter.java:63)
	at org.springframework.security.web.ObservationFilterChainDecorator$ObservationFilter.wrapFilter(ObservationFilterChainDecorator.java:240)
	at org.springframework.security.web.ObservationFilterChainDecorator$ObservationFilter.doFilter(ObservationFilterChainDecorator.java:227)
	at org.springframework.security.web.ObservationFilterChainDecorator$VirtualFilterChain.doFilter(ObservationFilterChainDecorator.java:137)
	at uz.company.digitalactive.config.JwtAuthenticationFilter.doFilterInternal(JwtAuthenticationFilter.java:36)
	at org.springframework.web.filter.OncePerRequestFilter.doFilter(OncePerRequestFilter.java:116)
	at org.springframework.security.web.ObservationFilterChainDecorator$ObservationFilter.wrapFilter(ObservationFilterChainDecorator.java:240)
	at org.springframework.security.web.ObservationFilterChainDecorator$ObservationFilter.doFilter(ObservationFilterChainDecorator.java:227)
	at org.springframework.security.web.ObservationFilterChainDecorator$VirtualFilterChain.doFilter(ObservationFilterChainDecorator.java:137)
	at org.springframework.security.web.authentication.logout.LogoutFilter.doFilter(LogoutFilter.java:107)
	at org.springframework.security.web.authentication.logout.LogoutFilter.doFilter(LogoutFilter.java:93)
	at org.springframework.security.web.ObservationFilterChainDecorator$ObservationFilter.wrapFilter(ObservationFilterChainDecorator.java:240)
	at org.springframework.security.web.ObservationFilterChainDecorator$ObservationFilter.doFilter(ObservationFilterChainDecorator.java:227)
	at org.springframework.security.web.ObservationFilterChainDecorator$VirtualFilterChain.doFilter(ObservationFilterChainDecorator.java:137)
	at org.springframework.web.filter.CorsFilter.doFilterInternal(CorsFilter.java:91)
	at org.springframework.web.filter.OncePerRequestFilter.doFilter(OncePerRequestFilter.java:116)
	at org.springframework.security.web.ObservationFilterChainDecorator$ObservationFilter.wrapFilter(ObservationFilterChainDecorator.java:240)
	at org.springframework.security.web.ObservationFilterChainDecorator$ObservationFilter.doFilter(ObservationFilterChainDecorator.java:227)
	at org.springframework.security.web.ObservationFilterChainDecorator$VirtualFilterChain.doFilter(ObservationFilterChainDecorator.java:137)
	at org.springframework.security.web.header.HeaderWriterFilter.doHeadersAfter(HeaderWriterFilter.java:90)
	at org.springframework.security.web.header.HeaderWriterFilter.doFilterInternal(HeaderWriterFilter.java:75)
	at org.springframework.web.filter.OncePerRequestFilter.doFilter(OncePerRequestFilter.java:116)
	at org.springframework.security.web.ObservationFilterChainDecorator$ObservationFilter.wrapFilter(ObservationFilterChainDecorator.java:240)
	at org.springframework.security.web.ObservationFilterChainDecorator$ObservationFilter.doFilter(ObservationFilterChainDecorator.java:227)
	at org.springframework.security.web.ObservationFilterChainDecorator$VirtualFilterChain.doFilter(ObservationFilterChainDecorator.java:137)
	at org.springframework.security.web.context.SecurityContextHolderFilter.doFilter(SecurityContextHolderFilter.java:82)
	at org.springframework.security.web.context.SecurityContextHolderFilter.doFilter(SecurityContextHolderFilter.java:69)
	at org.springframework.security.web.ObservationFilterChainDecorator$ObservationFilter.wrapFilter(ObservationFilterChainDecorator.java:240)
	at org.springframework.security.web.ObservationFilterChainDecorator$ObservationFilter.doFilter(ObservationFilterChainDecorator.java:227)
	at org.springframework.security.web.ObservationFilterChainDecorator$VirtualFilterChain.doFilter(ObservationFilterChainDecorator.java:137)
	at org.springframework.security.web.context.request.async.WebAsyncManagerIntegrationFilter.doFilterInternal(WebAsyncManagerIntegrationFilter.java:62)
	at org.springframework.web.filter.OncePerRequestFilter.doFilter(OncePerRequestFilter.java:116)
	at org.springframework.security.web.ObservationFilterChainDecorator$ObservationFilter.wrapFilter(ObservationFilterChainDecorator.java:240)
	at org.springframework.security.web.ObservationFilterChainDecorator$ObservationFilter.doFilter(ObservationFilterChainDecorator.java:227)
	at org.springframework.security.web.ObservationFilterChainDecorator$VirtualFilterChain.doFilter(ObservationFilterChainDecorator.java:137)
	at org.springframework.security.web.session.DisableEncodeUrlFilter.doFilterInternal(DisableEncodeUrlFilter.java:42)
	at org.springframework.web.filter.OncePerRequestFilter.doFilter(OncePerRequestFilter.java:116)
	at org.springframework.security.web.ObservationFilterChainDecorator$ObservationFilter.wrapFilter(ObservationFilterChainDecorator.java:240)
	at org.springframework.security.web.ObservationFilterChainDecorator$AroundFilterObservation$SimpleAroundFilterObservation.lambda$wrap$0(ObservationFilterChainDecorator.java:323)
	at org.springframework.security.web.ObservationFilterChainDecorator$ObservationFilter.doFilter(ObservationFilterChainDecorator.java:224)
	at org.springframework.security.web.ObservationFilterChainDecorator$VirtualFilterChain.doFilter(ObservationFilterChainDecorator.java:137)
	at org.springframework.security.web.FilterChainProxy.doFilterInternal(FilterChainProxy.java:233)
	at org.springframework.security.web.FilterChainProxy.doFilter(FilterChainProxy.java:191)
	at org.springframework.web.filter.CompositeFilter$VirtualFilterChain.doFilter(CompositeFilter.java:113)
	at org.springframework.web.servlet.handler.HandlerMappingIntrospector.lambda$createCacheFilter$3(HandlerMappingIntrospector.java:243)
	at org.springframework.web.filter.CompositeFilter$VirtualFilterChain.doFilter(CompositeFilter.java:113)
	at org.springframework.web.filter.CompositeFilter.doFilter(CompositeFilter.java:74)
	at org.springframework.security.config.annotation.web.configuration.WebMvcSecurityConfiguration$CompositeFilterChainProxy.doFilter(WebMvcSecurityConfiguration.java:238)
	at org.springframework.web.filter.DelegatingFilterProxy.invokeDelegate(DelegatingFilterProxy.java:362)
	at org.springframework.web.filter.DelegatingFilterProxy.doFilter(DelegatingFilterProxy.java:278)
	at org.apache.catalina.core.ApplicationFilterChain.internalDoFilter(ApplicationFilterChain.java:164)
	at org.apache.catalina.core.ApplicationFilterChain.doFilter(ApplicationFilterChain.java:140)
	at org.springframework.web.filter.RequestContextFilter.doFilterInternal(RequestContextFilter.java:100)
	at org.springframework.web.filter.OncePerRequestFilter.doFilter(OncePerRequestFilter.java:116)
	at org.apache.catalina.core.ApplicationFilterChain.internalDoFilter(ApplicationFilterChain.java:164)
	at org.apache.catalina.core.ApplicationFilterChain.doFilter(ApplicationFilterChain.java:140)
	at org.springframework.web.filter.FormContentFilter.doFilterInternal(FormContentFilter.java:93)
	at org.springframework.web.filter.OncePerRequestFilter.doFilter(OncePerRequestFilter.java:116)
	at org.apache.catalina.core.ApplicationFilterChain.internalDoFilter(ApplicationFilterChain.java:164)
	at org.apache.catalina.core.ApplicationFilterChain.doFilter(ApplicationFilterChain.java:140)
	at org.springframework.web.filter.ServerHttpObservationFilter.doFilterInternal(ServerHttpObservationFilter.java:114)
	at org.springframework.web.filter.OncePerRequestFilter.doFilter(OncePerRequestFilter.java:116)
	at org.apache.catalina.core.ApplicationFilterChain.internalDoFilter(ApplicationFilterChain.java:164)
	at org.apache.catalina.core.ApplicationFilterChain.doFilter(ApplicationFilterChain.java:140)
	at org.springframework.web.filter.CharacterEncodingFilter.doFilterInternal(CharacterEncodingFilter.java:201)
	at org.springframework.web.filter.OncePerRequestFilter.doFilter(OncePerRequestFilter.java:116)
	at org.apache.catalina.core.ApplicationFilterChain.internalDoFilter(ApplicationFilterChain.java:164)
	at org.apache.catalina.core.ApplicationFilterChain.doFilter(ApplicationFilterChain.java:140)
	at org.apache.catalina.core.StandardWrapperValve.invoke(StandardWrapperValve.java:167)
	at org.apache.catalina.core.StandardContextValve.invoke(StandardContextValve.java:90)
	at org.apache.catalina.authenticator.AuthenticatorBase.invoke(AuthenticatorBase.java:483)
	at org.apache.catalina.core.StandardHostValve.invoke(StandardHostValve.java:115)
	at org.apache.catalina.valves.ErrorReportValve.invoke(ErrorReportValve.java:93)
	at org.apache.catalina.core.StandardEngineValve.invoke(StandardEngineValve.java:74)
	at org.apache.catalina.connector.CoyoteAdapter.service(CoyoteAdapter.java:344)
	at org.apache.coyote.http11.Http11Processor.service(Http11Processor.java:397)
	at org.apache.coyote.AbstractProcessorLight.process(AbstractProcessorLight.java:63)
	at org.apache.coyote.AbstractProtocol$ConnectionHandler.process(AbstractProtocol.java:905)
	at org.apache.tomcat.util.net.NioEndpoint$SocketProcessor.doRun(NioEndpoint.java:1743)
	at org.apache.tomcat.util.net.SocketProcessorBase.run(SocketProcessorBase.java:52)
	at org.apache.tomcat.util.threads.ThreadPoolExecutor.runWorker(ThreadPoolExecutor.java:1190)
	at org.apache.tomcat.util.threads.ThreadPoolExecutor$Worker.run(ThreadPoolExecutor.java:659)
	at org.apache.tomcat.util.threads.TaskThread$WrappingRunnable.run(TaskThread.java:63)
	at java.base/java.lang.Thread.run(Thread.java:1583)
2026-03-06 21:49:47 ERROR [http-nio-8080-exec-5] u.c.d.e.h.GlobalExceptionHandler - Failed to request [uri=/api/auth/v1/login] path. Error:
uz.company.digitalactive.exception.UnauthorizedException: invalid credentials
	at uz.company.digitalactive.service.auth.AuthTokenService.lambda$generateToken$1(AuthTokenService.java:55)
	at java.base/java.util.Optional.orElseThrow(Optional.java:403)
	at uz.company.digitalactive.service.auth.AuthTokenService.generateToken(AuthTokenService.java:55)
	at uz.company.digitalactive.controller.AuthController.login(AuthController.java:43)
	at java.base/jdk.internal.reflect.DirectMethodHandleAccessor.invoke(DirectMethodHandleAccessor.java:103)
	at java.base/java.lang.reflect.Method.invoke(Method.java:580)
	at org.springframework.web.method.support.InvocableHandlerMethod.doInvoke(InvocableHandlerMethod.java:258)
	at org.springframework.web.method.support.InvocableHandlerMethod.invokeForRequest(InvocableHandlerMethod.java:191)
	at org.springframework.web.servlet.mvc.method.annotation.ServletInvocableHandlerMethod.invokeAndHandle(ServletInvocableHandlerMethod.java:118)
	at org.springframework.web.servlet.mvc.method.annotation.RequestMappingHandlerAdapter.invokeHandlerMethod(RequestMappingHandlerAdapter.java:986)
	at org.springframework.web.servlet.mvc.method.annotation.RequestMappingHandlerAdapter.handleInternal(RequestMappingHandlerAdapter.java:891)
	at org.springframework.web.servlet.mvc.method.AbstractHandlerMethodAdapter.handle(AbstractHandlerMethodAdapter.java:87)
	at org.springframework.web.servlet.DispatcherServlet.doDispatch(DispatcherServlet.java:1089)
	at org.springframework.web.servlet.DispatcherServlet.doService(DispatcherServlet.java:979)
	at org.springframework.web.servlet.FrameworkServlet.processRequest(FrameworkServlet.java:1014)
	at org.springframework.web.servlet.FrameworkServlet.doPost(FrameworkServlet.java:914)
	at jakarta.servlet.http.HttpServlet.service(HttpServlet.java:590)
	at org.springframework.web.servlet.FrameworkServlet.service(FrameworkServlet.java:885)
	at jakarta.servlet.http.HttpServlet.service(HttpServlet.java:658)
	at org.apache.catalina.core.ApplicationFilterChain.internalDoFilter(ApplicationFilterChain.java:195)
	at org.apache.catalina.core.ApplicationFilterChain.doFilter(ApplicationFilterChain.java:140)
	at org.apache.tomcat.websocket.server.WsFilter.doFilter(WsFilter.java:51)
	at org.apache.catalina.core.ApplicationFilterChain.internalDoFilter(ApplicationFilterChain.java:164)
	at org.apache.catalina.core.ApplicationFilterChain.doFilter(ApplicationFilterChain.java:140)
	at org.springframework.web.filter.OncePerRequestFilter.doFilter(OncePerRequestFilter.java:110)
	at org.apache.catalina.core.ApplicationFilterChain.internalDoFilter(ApplicationFilterChain.java:164)
	at org.apache.catalina.core.ApplicationFilterChain.doFilter(ApplicationFilterChain.java:140)
	at org.springframework.web.filter.CompositeFilter$VirtualFilterChain.doFilter(CompositeFilter.java:108)
	at org.springframework.security.web.FilterChainProxy.lambda$doFilterInternal$3(FilterChainProxy.java:231)
	at org.springframework.security.web.ObservationFilterChainDecorator$FilterObservation$SimpleFilterObservation.lambda$wrap$1(ObservationFilterChainDecorator.java:479)
	at org.springframework.security.web.ObservationFilterChainDecorator$AroundFilterObservation$SimpleAroundFilterObservation.lambda$wrap$1(ObservationFilterChainDecorator.java:340)
	at org.springframework.security.web.ObservationFilterChainDecorator.lambda$wrapSecured$0(ObservationFilterChainDecorator.java:82)
	at org.springframework.security.web.ObservationFilterChainDecorator$VirtualFilterChain.doFilter(ObservationFilterChainDecorator.java:128)
	at org.springframework.security.web.access.intercept.AuthorizationFilter.doFilter(AuthorizationFilter.java:101)
	at org.springframework.security.web.ObservationFilterChainDecorator$ObservationFilter.wrapFilter(ObservationFilterChainDecorator.java:240)
	at org.springframework.security.web.ObservationFilterChainDecorator$ObservationFilter.doFilter(ObservationFilterChainDecorator.java:227)
	at org.springframework.security.web.ObservationFilterChainDecorator$VirtualFilterChain.doFilter(ObservationFilterChainDecorator.java:137)
	at org.springframework.security.web.access.ExceptionTranslationFilter.doFilter(ExceptionTranslationFilter.java:126)
	at org.springframework.security.web.access.ExceptionTranslationFilter.doFilter(ExceptionTranslationFilter.java:120)
	at org.springframework.security.web.ObservationFilterChainDecorator$ObservationFilter.wrapFilter(ObservationFilterChainDecorator.java:240)
	at org.springframework.security.web.ObservationFilterChainDecorator$ObservationFilter.doFilter(ObservationFilterChainDecorator.java:227)
	at org.springframework.security.web.ObservationFilterChainDecorator$VirtualFilterChain.doFilter(ObservationFilterChainDecorator.java:137)
	at org.springframework.security.web.session.SessionManagementFilter.doFilter(SessionManagementFilter.java:131)
	at org.springframework.security.web.session.SessionManagementFilter.doFilter(SessionManagementFilter.java:85)
	at org.springframework.security.web.ObservationFilterChainDecorator$ObservationFilter.wrapFilter(ObservationFilterChainDecorator.java:240)
	at org.springframework.security.web.ObservationFilterChainDecorator$ObservationFilter.doFilter(ObservationFilterChainDecorator.java:227)
	at org.springframework.security.web.ObservationFilterChainDecorator$VirtualFilterChain.doFilter(ObservationFilterChainDecorator.java:137)
	at org.springframework.security.web.servletapi.SecurityContextHolderAwareRequestFilter.doFilter(SecurityContextHolderAwareRequestFilter.java:179)
	at org.springframework.security.web.ObservationFilterChainDecorator$ObservationFilter.wrapFilter(ObservationFilterChainDecorator.java:240)
	at org.springframework.security.web.ObservationFilterChainDecorator$ObservationFilter.doFilter(ObservationFilterChainDecorator.java:227)
	at org.springframework.security.web.ObservationFilterChainDecorator$VirtualFilterChain.doFilter(ObservationFilterChainDecorator.java:137)
	at org.springframework.security.web.savedrequest.RequestCacheAwareFilter.doFilter(RequestCacheAwareFilter.java:63)
	at org.springframework.security.web.ObservationFilterChainDecorator$ObservationFilter.wrapFilter(ObservationFilterChainDecorator.java:240)
	at org.springframework.security.web.ObservationFilterChainDecorator$ObservationFilter.doFilter(ObservationFilterChainDecorator.java:227)
	at org.springframework.security.web.ObservationFilterChainDecorator$VirtualFilterChain.doFilter(ObservationFilterChainDecorator.java:137)
	at uz.company.digitalactive.config.JwtAuthenticationFilter.doFilterInternal(JwtAuthenticationFilter.java:36)
	at org.springframework.web.filter.OncePerRequestFilter.doFilter(OncePerRequestFilter.java:116)
	at org.springframework.security.web.ObservationFilterChainDecorator$ObservationFilter.wrapFilter(ObservationFilterChainDecorator.java:240)
	at org.springframework.security.web.ObservationFilterChainDecorator$ObservationFilter.doFilter(ObservationFilterChainDecorator.java:227)
	at org.springframework.security.web.ObservationFilterChainDecorator$VirtualFilterChain.doFilter(ObservationFilterChainDecorator.java:137)
	at org.springframework.security.web.authentication.logout.LogoutFilter.doFilter(LogoutFilter.java:107)
	at org.springframework.security.web.authentication.logout.LogoutFilter.doFilter(LogoutFilter.java:93)
	at org.springframework.security.web.ObservationFilterChainDecorator$ObservationFilter.wrapFilter(ObservationFilterChainDecorator.java:240)
	at org.springframework.security.web.ObservationFilterChainDecorator$ObservationFilter.doFilter(ObservationFilterChainDecorator.java:227)
	at org.springframework.security.web.ObservationFilterChainDecorator$VirtualFilterChain.doFilter(ObservationFilterChainDecorator.java:137)
	at org.springframework.web.filter.CorsFilter.doFilterInternal(CorsFilter.java:91)
	at org.springframework.web.filter.OncePerRequestFilter.doFilter(OncePerRequestFilter.java:116)
	at org.springframework.security.web.ObservationFilterChainDecorator$ObservationFilter.wrapFilter(ObservationFilterChainDecorator.java:240)
	at org.springframework.security.web.ObservationFilterChainDecorator$ObservationFilter.doFilter(ObservationFilterChainDecorator.java:227)
	at org.springframework.security.web.ObservationFilterChainDecorator$VirtualFilterChain.doFilter(ObservationFilterChainDecorator.java:137)
	at org.springframework.security.web.header.HeaderWriterFilter.doHeadersAfter(HeaderWriterFilter.java:90)
	at org.springframework.security.web.header.HeaderWriterFilter.doFilterInternal(HeaderWriterFilter.java:75)
	at org.springframework.web.filter.OncePerRequestFilter.doFilter(OncePerRequestFilter.java:116)
	at org.springframework.security.web.ObservationFilterChainDecorator$ObservationFilter.wrapFilter(ObservationFilterChainDecorator.java:240)
	at org.springframework.security.web.ObservationFilterChainDecorator$ObservationFilter.doFilter(ObservationFilterChainDecorator.java:227)
	at org.springframework.security.web.ObservationFilterChainDecorator$VirtualFilterChain.doFilter(ObservationFilterChainDecorator.java:137)
	at org.springframework.security.web.context.SecurityContextHolderFilter.doFilter(SecurityContextHolderFilter.java:82)
	at org.springframework.security.web.context.SecurityContextHolderFilter.doFilter(SecurityContextHolderFilter.java:69)
	at org.springframework.security.web.ObservationFilterChainDecorator$ObservationFilter.wrapFilter(ObservationFilterChainDecorator.java:240)
	at org.springframework.security.web.ObservationFilterChainDecorator$ObservationFilter.doFilter(ObservationFilterChainDecorator.java:227)
	at org.springframework.security.web.ObservationFilterChainDecorator$VirtualFilterChain.doFilter(ObservationFilterChainDecorator.java:137)
	at org.springframework.security.web.context.request.async.WebAsyncManagerIntegrationFilter.doFilterInternal(WebAsyncManagerIntegrationFilter.java:62)
	at org.springframework.web.filter.OncePerRequestFilter.doFilter(OncePerRequestFilter.java:116)
	at org.springframework.security.web.ObservationFilterChainDecorator$ObservationFilter.wrapFilter(ObservationFilterChainDecorator.java:240)
	at org.springframework.security.web.ObservationFilterChainDecorator$ObservationFilter.doFilter(ObservationFilterChainDecorator.java:227)
	at org.springframework.security.web.ObservationFilterChainDecorator$VirtualFilterChain.doFilter(ObservationFilterChainDecorator.java:137)
	at org.springframework.security.web.session.DisableEncodeUrlFilter.doFilterInternal(DisableEncodeUrlFilter.java:42)
	at org.springframework.web.filter.OncePerRequestFilter.doFilter(OncePerRequestFilter.java:116)
	at org.springframework.security.web.ObservationFilterChainDecorator$ObservationFilter.wrapFilter(ObservationFilterChainDecorator.java:240)
	at org.springframework.security.web.ObservationFilterChainDecorator$AroundFilterObservation$SimpleAroundFilterObservation.lambda$wrap$0(ObservationFilterChainDecorator.java:323)
	at org.springframework.security.web.ObservationFilterChainDecorator$ObservationFilter.doFilter(ObservationFilterChainDecorator.java:224)
	at org.springframework.security.web.ObservationFilterChainDecorator$VirtualFilterChain.doFilter(ObservationFilterChainDecorator.java:137)
	at org.springframework.security.web.FilterChainProxy.doFilterInternal(FilterChainProxy.java:233)
	at org.springframework.security.web.FilterChainProxy.doFilter(FilterChainProxy.java:191)
	at org.springframework.web.filter.CompositeFilter$VirtualFilterChain.doFilter(CompositeFilter.java:113)
	at org.springframework.web.servlet.handler.HandlerMappingIntrospector.lambda$createCacheFilter$3(HandlerMappingIntrospector.java:243)
	at org.springframework.web.filter.CompositeFilter$VirtualFilterChain.doFilter(CompositeFilter.java:113)
	at org.springframework.web.filter.CompositeFilter.doFilter(CompositeFilter.java:74)
	at org.springframework.security.config.annotation.web.configuration.WebMvcSecurityConfiguration$CompositeFilterChainProxy.doFilter(WebMvcSecurityConfiguration.java:238)
	at org.springframework.web.filter.DelegatingFilterProxy.invokeDelegate(DelegatingFilterProxy.java:362)
	at org.springframework.web.filter.DelegatingFilterProxy.doFilter(DelegatingFilterProxy.java:278)
	at org.apache.catalina.core.ApplicationFilterChain.internalDoFilter(ApplicationFilterChain.java:164)
	at org.apache.catalina.core.ApplicationFilterChain.doFilter(ApplicationFilterChain.java:140)
	at org.springframework.web.filter.RequestContextFilter.doFilterInternal(RequestContextFilter.java:100)
	at org.springframework.web.filter.OncePerRequestFilter.doFilter(OncePerRequestFilter.java:116)
	at org.apache.catalina.core.ApplicationFilterChain.internalDoFilter(ApplicationFilterChain.java:164)
	at org.apache.catalina.core.ApplicationFilterChain.doFilter(ApplicationFilterChain.java:140)
	at org.springframework.web.filter.FormContentFilter.doFilterInternal(FormContentFilter.java:93)
	at org.springframework.web.filter.OncePerRequestFilter.doFilter(OncePerRequestFilter.java:116)
	at org.apache.catalina.core.ApplicationFilterChain.internalDoFilter(ApplicationFilterChain.java:164)
	at org.apache.catalina.core.ApplicationFilterChain.doFilter(ApplicationFilterChain.java:140)
	at org.springframework.web.filter.ServerHttpObservationFilter.doFilterInternal(ServerHttpObservationFilter.java:114)
	at org.springframework.web.filter.OncePerRequestFilter.doFilter(OncePerRequestFilter.java:116)
	at org.apache.catalina.core.ApplicationFilterChain.internalDoFilter(ApplicationFilterChain.java:164)
	at org.apache.catalina.core.ApplicationFilterChain.doFilter(ApplicationFilterChain.java:140)
	at org.springframework.web.filter.CharacterEncodingFilter.doFilterInternal(CharacterEncodingFilter.java:201)
	at org.springframework.web.filter.OncePerRequestFilter.doFilter(OncePerRequestFilter.java:116)
	at org.apache.catalina.core.ApplicationFilterChain.internalDoFilter(ApplicationFilterChain.java:164)
	at org.apache.catalina.core.ApplicationFilterChain.doFilter(ApplicationFilterChain.java:140)
	at org.apache.catalina.core.StandardWrapperValve.invoke(StandardWrapperValve.java:167)
	at org.apache.catalina.core.StandardContextValve.invoke(StandardContextValve.java:90)
	at org.apache.catalina.authenticator.AuthenticatorBase.invoke(AuthenticatorBase.java:483)
	at org.apache.catalina.core.StandardHostValve.invoke(StandardHostValve.java:115)
	at org.apache.catalina.valves.ErrorReportValve.invoke(ErrorReportValve.java:93)
	at org.apache.catalina.core.StandardEngineValve.invoke(StandardEngineValve.java:74)
	at org.apache.catalina.connector.CoyoteAdapter.service(CoyoteAdapter.java:344)
	at org.apache.coyote.http11.Http11Processor.service(Http11Processor.java:397)
	at org.apache.coyote.AbstractProcessorLight.process(AbstractProcessorLight.java:63)
	at org.apache.coyote.AbstractProtocol$ConnectionHandler.process(AbstractProtocol.java:905)
	at org.apache.tomcat.util.net.NioEndpoint$SocketProcessor.doRun(NioEndpoint.java:1743)
	at org.apache.tomcat.util.net.SocketProcessorBase.run(SocketProcessorBase.java:52)
	at org.apache.tomcat.util.threads.ThreadPoolExecutor.runWorker(ThreadPoolExecutor.java:1190)
	at org.apache.tomcat.util.threads.ThreadPoolExecutor$Worker.run(ThreadPoolExecutor.java:659)
	at org.apache.tomcat.util.threads.TaskThread$WrappingRunnable.run(TaskThread.java:63)
	at java.base/java.lang.Thread.run(Thread.java:1583)
2026-03-06 21:50:52 INFO  [http-nio-8080-exec-3] u.c.d.controller.UserController - GET ALL USERS
2026-03-12 00:57:20 INFO  [main] u.c.d.DigitalActiveApplication - Starting DigitalActiveApplication using Java 21.0.6 with PID 15636 (C:\Users\User\Desktop\java-intensive\DigitalActive\build\classes\java\main started by User in C:\Users\User\Desktop\java-intensive\DigitalActive)
2026-03-12 00:57:20 INFO  [main] u.c.d.DigitalActiveApplication - No active profile set, falling back to 1 default profile: "default"
2026-03-12 00:57:24 INFO  [main] o.s.d.r.c.RepositoryConfigurationDelegate - Bootstrapping Spring Data JPA repositories in DEFAULT mode.
2026-03-12 00:57:25 INFO  [main] o.s.d.r.c.RepositoryConfigurationDelegate - Finished Spring Data repository scanning in 369 ms. Found 6 JPA repository interfaces.
2026-03-12 00:57:26 INFO  [main] o.s.b.w.e.tomcat.TomcatWebServer - Tomcat initialized with port 8080 (http)
2026-03-12 00:57:26 INFO  [main] o.a.coyote.http11.Http11NioProtocol - Initializing ProtocolHandler ["http-nio-8080"]
2026-03-12 00:57:26 INFO  [main] o.a.catalina.core.StandardService - Starting service [Tomcat]
2026-03-12 00:57:26 INFO  [main] o.a.catalina.core.StandardEngine - Starting Servlet engine: [Apache Tomcat/10.1.39]
2026-03-12 00:57:26 INFO  [main] o.a.c.c.C.[Tomcat].[localhost].[/] - Initializing Spring embedded WebApplicationContext
2026-03-12 00:57:26 INFO  [main] o.s.b.w.s.c.ServletWebServerApplicationContext - Root WebApplicationContext: initialization completed in 5703 ms
2026-03-12 00:57:26 INFO  [main] o.h.jpa.internal.util.LogHelper - HHH000204: Processing PersistenceUnitInfo [name: default]
2026-03-12 00:57:27 INFO  [main] org.hibernate.Version - HHH000412: Hibernate ORM core version 6.6.11.Final
2026-03-12 00:57:27 INFO  [main] o.h.c.i.RegionFactoryInitiator - HHH000026: Second-level cache disabled
2026-03-12 00:57:27 INFO  [main] o.s.o.j.p.SpringPersistenceUnitInfo - No LoadTimeWeaver setup: ignoring JPA class transformer
2026-03-12 00:57:27 INFO  [main] com.zaxxer.hikari.HikariDataSource - HikariPool-1 - Starting...
2026-03-12 00:57:27 INFO  [main] com.zaxxer.hikari.pool.HikariPool - HikariPool-1 - Added connection org.postgresql.jdbc.PgConnection@406808eb
2026-03-12 00:57:27 INFO  [main] com.zaxxer.hikari.HikariDataSource - HikariPool-1 - Start completed.
2026-03-12 00:57:27 WARN  [main] org.hibernate.orm.deprecation - HHH90000025: PostgreSQLDialect does not need to be specified explicitly using 'hibernate.dialect' (remove the property setting and it will be selected by default)
2026-03-12 00:57:27 INFO  [main] o.hibernate.orm.connections.pooling - HHH10001005: Database info:
	Database JDBC URL [Connecting through datasource 'HikariDataSource (HikariPool-1)']
	Database driver: undefined/unknown
	Database version: 17.4
	Autocommit mode: undefined/unknown
	Isolation level: undefined/unknown
	Minimum pool size: undefined/unknown
	Maximum pool size: undefined/unknown
2026-03-12 00:57:29 INFO  [main] o.h.e.t.j.p.i.JtaPlatformInitiator - HHH000489: No JTA platform available (set 'hibernate.transaction.jta.platform' to enable JTA platform integration)
2026-03-12 00:57:29 INFO  [main] o.s.o.j.LocalContainerEntityManagerFactoryBean - Initialized JPA EntityManagerFactory for persistence unit 'default'
2026-03-12 00:57:30 INFO  [main] o.s.d.j.r.query.QueryEnhancerFactory - Hibernate is in classpath; If applicable, HQL parser will be used.
2026-03-12 00:57:33 WARN  [main] o.s.b.a.o.j.JpaBaseConfiguration$JpaWebConfiguration - spring.jpa.open-in-view is enabled by default. Therefore, database queries may be performed during view rendering. Explicitly configure spring.jpa.open-in-view to disable this warning
2026-03-12 00:57:33 INFO  [main] o.s.s.c.a.a.c.InitializeAuthenticationProviderBeanManagerConfigurer$InitializeAuthenticationProviderManagerConfigurer - Global AuthenticationManager configured with AuthenticationProvider bean with name authenticationProvider
2026-03-12 00:57:33 WARN  [main] o.s.s.c.a.a.c.InitializeUserDetailsBeanManagerConfigurer$InitializeUserDetailsManagerConfigurer - Global AuthenticationManager configured with an AuthenticationProvider bean. UserDetailsService beans will not be used by Spring Security for automatically configuring username/password login. Consider removing the AuthenticationProvider bean. Alternatively, consider using the UserDetailsService in a manually instantiated DaoAuthenticationProvider. If the current configuration is intentional, to turn off this warning, increase the logging level of 'org.springframework.security.config.annotation.authentication.configuration.InitializeUserDetailsBeanManagerConfigurer' to ERROR
2026-03-12 00:57:34 INFO  [main] o.s.v.b.OptionalValidatorFactoryBean - Failed to set up a Bean Validation provider: jakarta.validation.NoProviderFoundException: Unable to create a Configuration, because no Jakarta Bean Validation provider could be found. Add a provider like Hibernate Validator (RI) to your classpath.
2026-03-12 00:57:35 INFO  [main] o.a.coyote.http11.Http11NioProtocol - Starting ProtocolHandler ["http-nio-8080"]
2026-03-12 00:57:35 INFO  [main] o.s.b.w.e.tomcat.TomcatWebServer - Tomcat started on port 8080 (http) with context path '/'
2026-03-12 00:57:35 INFO  [main] o.s.b.w.e.tomcat.TomcatWebServer - Tomcat initialized with port 8081 (http)
2026-03-12 00:57:35 INFO  [main] o.a.coyote.http11.Http11NioProtocol - Initializing ProtocolHandler ["http-nio-8081"]
2026-03-12 00:57:35 INFO  [main] o.a.catalina.core.StandardService - Starting service [Tomcat]
2026-03-12 00:57:35 INFO  [main] o.a.catalina.core.StandardEngine - Starting Servlet engine: [Apache Tomcat/10.1.39]
2026-03-12 00:57:35 INFO  [main] o.a.c.c.C.[Tomcat-1].[localhost].[/] - Initializing Spring embedded WebApplicationContext
2026-03-12 00:57:35 INFO  [main] o.s.b.w.s.c.ServletWebServerApplicationContext - Root WebApplicationContext: initialization completed in 135 ms
2026-03-12 00:57:35 INFO  [main] o.s.b.a.e.web.EndpointLinksResolver - Exposing 3 endpoints beneath base path '/actuator'
2026-03-12 00:57:35 INFO  [main] o.s.v.b.OptionalValidatorFactoryBean - Failed to set up a Bean Validation provider: jakarta.validation.NoProviderFoundException: Unable to create a Configuration, because no Jakarta Bean Validation provider could be found. Add a provider like Hibernate Validator (RI) to your classpath.
2026-03-12 00:57:35 INFO  [main] o.a.coyote.http11.Http11NioProtocol - Starting ProtocolHandler ["http-nio-8081"]
2026-03-12 00:57:35 INFO  [main] o.s.b.w.e.tomcat.TomcatWebServer - Tomcat started on port 8081 (http) with context path '/'
2026-03-12 00:57:35 INFO  [main] u.c.d.DigitalActiveApplication - Started DigitalActiveApplication in 15.062 seconds (process running for 15.735)
2026-03-12 00:57:40 INFO  [http-nio-8080-exec-1] o.a.c.c.C.[Tomcat].[localhost].[/] - Initializing Spring DispatcherServlet 'dispatcherServlet'
2026-03-12 00:57:40 INFO  [http-nio-8080-exec-1] o.s.web.servlet.DispatcherServlet - Initializing Servlet 'dispatcherServlet'
2026-03-12 00:57:40 INFO  [http-nio-8080-exec-1] o.s.web.servlet.DispatcherServlet - Completed initialization in 2 ms
2026-03-12 00:57:41 INFO  [http-nio-8080-exec-8] o.s.api.AbstractOpenApiResource - Init duration for springdoc-openapi is: 1019 ms
